w1,w2,w3,w4,w5,w6,w7,w8,w9,w10,Z,Y
0.0,-0.34354132381055863,0.0,1.8485562860104638,1.0,1.0,1.6929810203551459,1.0,1.0,0.4628101388910333,0,-3.8128702031730946
0.0,2.420522671452319,1.0,-0.11543350635516818,0.0,1.0,0.040717517293603206,0.0,0.0,-0.40029657637697075,0,-5.1456119664610664
1.0,-1.0855415672174016,1.0,-0.11935689517268867,1.0,0.0,0.08028871515787644,0.0,1.0,1.2535521510868808,1,-4.7590620129062735
1.0,-0.8945225211115464,1.0,-0.189711016594044,1.0,0.0,0.8277072155787387,0.0,0.0,-0.602995837839981,1,-4.521952596896697
0.0,-1.7370424278655154,0.0,0.26748670349874143,1.0,0.0,-0.4052839980427115,0.0,1.0,-1.6698965776459505,1,-4.233181090849796
0.0,0.2397506043010383,0.0,-0.7423023303397085,1.0,1.0,0.670101647196695,1.0,0.0,0.44793829441468147,1,-3.409555239664179
0.0,-0.9790657467496016,1.0,-1.0206999185959749,0.0,0.0,0.9461786592583767,1.0,0.0,0.0010581080802742027,0,-3.666424673008723
1.0,0.8120202625495212,0.0,-0.1780175663106537,0.0,1.0,0.31960829407277197,0.0,1.0,0.28365955287714895,1,-4.106453124827934
1.0,1.5538481541493807,0.0,0.02966886889301989,0.0,1.0,0.7291031708713104,0.0,0.0,0.24187375072603837,1,-4.196059654813362
0.0,-0.5783265794732727,0.0,1.083178872946024,1.0,0.0,1.4875284865471885,0.0,1.0,-1.1045743335398608,0,-4.2283556133688345
1.0,-1.13630899703884,0.0,0.7043346878375077,1.0,0.0,-0.06443737288320124,0.0,1.0,-0.7822621356927761,0,-4.17686191760134
0.0,-0.1398365271092981,0.0,0.0014826761684946965,0.0,0.0,-0.11273574187675951,1.0,1.0,0.08280432013125551,1,-3.8202178125476807
1.0,0.5058536429425623,0.0,0.44616151606913246,0.0,1.0,-0.7098884217697858,0.0,1.0,-0.16071721407243,1,-4.594173175618294
0.0,-1.663163913004531,1.0,-0.16007534030334122,0.0,0.0,-0.7892283850667187,1.0,0.0,-0.6125146502314913,1,-4.554736848349125
0.0,0.34467413502114075,1.0,-0.7492665313960303,1.0,1.0,-0.32201453672634595,1.0,0.0,0.8525726644226617,0,-3.334157411269673
0.0,-0.6041211797524801,0.0,-0.4407261494144659,1.0,0.0,0.5422760568341864,1.0,1.0,0.6866592494038813,1,-3.666220084222787
0.0,-0.174209368813603,1.0,-1.115701560336433,0.0,1.0,1.0853125906407928,0.0,0.0,1.4058551914783977,0,-4.013565218713558
1.0,2.4568037848073896,1.0,0.9275397259603192,1.0,1.0,-0.6851766993773438,1.0,1.0,-0.07380030213470769,0,-4.650248460937324
0.0,-1.0567642366647907,0.0,-0.5751602992752054,0.0,0.0,-0.8771621245906964,0.0,0.0,-0.17481153137695915,0,-3.1019683512951923
1.0,-1.033454308455708,1.0,0.15414139763201692,0.0,0.0,-1.816753603641538,0.0,0.0,-0.033830625064718005,1,-4.83492573966399
1.0,1.151977261320903,0.0,1.1562550378409153,0.0,1.0,0.03962182597381427,0.0,1.0,0.2218418174499696,1,-5.017313446752734
0.0,-0.09798539045012863,0.0,-0.8395747959883277,0.0,0.0,1.0312519021519657,0.0,0.0,0.7418745268150888,1,-3.7105832711476845
0.0,-1.9298849748354454,1.0,2.0584451871633966,1.0,0.0,-0.8532345718237871,0.0,1.0,-0.2763249070949495,0,-4.93564223544042
1.0,-0.9290439549586578,1.0,0.4728135596321962,1.0,0.0,1.0768167081810078,1.0,1.0,-0.9367157590011672,1,-4.239014618755712
1.0,-1.1034986403090559,1.0,-2.4028439411319207,1.0,0.0,0.055224717472359276,0.0,0.0,0.49901675729980977,0,-3.6191669301527725
1.0,-1.2172265969741705,1.0,1.0702630351079159,1.0,0.0,1.2985141802494824,1.0,1.0,1.3946366965100068,1,-3.870635472104629
1.0,1.2790717038028063,0.0,1.4104152129424694,1.0,1.0,0.029099381708937888,0.0,1.0,0.6506587909491572,0,-4.30467962672929
1.0,0.5959001609052805,0.0,-0.6157027539033525,0.0,1.0,0.5120786654040114,0.0,0.0,-0.07747162505709729,1,-4.220433963168331
1.0,-0.2311454853016162,0.0,0.40228702481042683,0.0,0.0,0.5018279319660135,0.0,1.0,0.0957303503591129,1,-3.683733466561859
1.0,0.6634302598544196,1.0,0.2294980940460893,1.0,1.0,1.9604182685155178,0.0,1.0,-0.7018696183808364,1,-5.209336233328413
0.0,0.4488895715466345,1.0,-1.5521916575397638,1.0,1.0,1.8443602280933311,1.0,0.0,0.6500795506723923,1,-4.05987685849125
0.0,0.8206949224872554,1.0,-1.1703669827594188,1.0,1.0,-1.8849957003781332,0.0,0.0,-1.4663200566204415,0,-5.545077641831998
1.0,1.029786878825329,0.0,0.03414556933036681,1.0,1.0,0.8083205923773249,0.0,0.0,2.1010694163492305,0,-3.1732447934917016
1.0,0.880789307499044,1.0,-0.8795179511918242,0.0,1.0,1.2813524745795424,0.0,0.0,0.06659181833686977,0,-4.2203320648003455
0.0,0.3024260586775027,1.0,0.767759734005046,0.0,1.0,1.0033866164121779,0.0,1.0,0.13299276165765264,1,-5.035729216642899
1.0,0.0023339649043185215,0.0,-0.12139392586772454,1.0,0.0,0.5230870166424463,0.0,0.0,0.42906764860363833,0,-3.960872299710329
0.0,-1.5990474381412758,1.0,-0.20513226515107594,0.0,0.0,0.7768211535541127,1.0,0.0,1.2836306743236092,1,-3.0869011961943587
1.0,-1.390624945094771,0.0,0.042562972665754525,0.0,0.0,1.273341874921868,1.0,1.0,-0.4830178977169996,0,-2.9864358653987635
1.0,-0.18399425727288632,1.0,-0.40291061992673877,0.0,1.0,-0.33323866030306,0.0,0.0,0.7019941791836047,1,-4.197179533285205
0.0,-0.1519681541642849,0.0,-0.9503305747748455,1.0,0.0,0.009421785992869068,1.0,0.0,-0.28900734918276244,0,-2.458594967662719
1.0,-2.383680038808982,1.0,0.306648535789729,1.0,0.0,-1.6522833033604287,1.0,1.0,-0.7953973520573449,1,-3.611950445647763
0.0,-0.1272875440611769,0.0,-2.993024296418404,1.0,1.0,0.7470714543518919,0.0,0.0,0.8957220201655156,0,-3.674487883676437
0.0,0.8739296382771191,0.0,-0.9052897315567151,1.0,1.0,1.3860541402709758,0.0,0.0,0.3334107557985211,0,-4.572970138340988
1.0,-0.881134831020751,1.0,-1.0976918766006056,0.0,1.0,0.5072573895997015,1.0,0.0,0.6661311134809422,1,-3.356131367603534
1.0,0.5156689769160792,1.0,1.308022086539526,1.0,1.0,0.1984692491016057,1.0,1.0,-0.36008726316865713,0,-4.244214606932628
0.0,-0.4320600097970298,1.0,-0.3975731542346885,0.0,0.0,0.72344594681359,1.0,1.0,-0.32816800702560234,1,-4.361409863992052
0.0,-1.9963014922741416,1.0,-0.03784114467365466,0.0,0.0,0.7215647860472216,1.0,0.0,-0.3046035208840852,1,-3.7829153783612472
0.0,0.050100752045016864,0.0,-0.8265014512346324,0.0,0.0,0.4280874698571854,1.0,0.0,-1.3771099388911796,1,-3.7641590414576793
0.0,-0.8515032902258695,1.0,-1.7564100334107573,0.0,0.0,0.40124693475139767,1.0,0.0,0.12675723502020086,1,-3.4513747344610946
1.0,-0.019743358208302402,0.0,-0.36667371703699314,1.0,0.0,-1.0034848268416194,0.0,1.0,-1.6956352149548934,1,-4.550813601682667
0.0,0.06299419623745163,0.0,-0.9522933448141447,1.0,1.0,0.38213432960630006,0.0,0.0,1.3791230215211556,1,-3.6563274661472653
1.0,-0.2549837255413085,1.0,-0.22549346169369294,0.0,1.0,0.15086467013693144,1.0,1.0,-0.24427558994243453,1,-4.219107939552927
1.0,0.49916403936903936,1.0,-1.0810786381862962,1.0,1.0,-0.4712942918471963,0.0,0.0,1.0175249341143449,1,-4.636886131483603
1.0,0.8245878568295367,0.0,-0.1408981181610838,1.0,1.0,-0.18782386228426495,1.0,1.0,1.0532374995056963,0,-2.8180929457440254
1.0,0.5750619499183218,0.0,0.4368199484547988,1.0,0.0,-0.4556285224855811,1.0,0.0,1.5211805487676475,0,-2.910778785481297
0.0,-0.029366351718474612,0.0,-1.8598660816126518,0.0,0.0,-1.0639685183148395,1.0,0.0,-0.9637974220450553,1,-3.3927596005474143
0.0,0.5302200682530538,0.0,-0.9108372071905677,0.0,1.0,-0.46677342284908213,1.0,0.0,-1.3591476497172146,0,-3.387717850021475
1.0,0.5491038536018605,1.0,0.7590425963109038,0.0,1.0,0.6521428066035901,0.0,1.0,-0.576444361378479,0,-5.035889219248804
1.0,1.295074202858554,1.0,1.8365593941241605,0.0,1.0,0.12543691380026387,0.0,1.0,-0.324427475870817,0,-5.575434829765611
0.0,1.8043314233212677,1.0,1.9775898449898472,1.0,1.0,-1.441570223415314,1.0,1.0,-0.07564919270081565,0,-5.2692653625291905
1.0,-0.3164369513082024,1.0,0.44314570967984845,1.0,0.0,-0.005260538577285868,0.0,1.0,0.8323137966244868,1,-4.4397250863677264
1.0,0.8792531530797032,0.0,-1.8026459795012038,1.0,1.0,-0.5673364241559686,1.0,0.0,0.06157309204612414,0,-2.2906212502699277
0.0,-1.142244581368249,1.0,-0.23081522951946198,1.0,0.0,1.113637101388865,1.0,1.0,-1.208618175627854,1,-4.863558182710264
1.0,0.5924855914806335,1.0,0.4803966309270494,0.0,1.0,-0.24096265072952003,1.0,1.0,-0.3907045433482768,1,-4.934402075235193
1.0,0.9978910774950982,1.0,-1.2926046795290846,0.0,1.0,-1.2145471149636675,1.0,0.0,-0.8741789414260104,0,-3.3714240027380344
1.0,-1.0622807595400967,1.0,0.5782439569496691,0.0,0.0,1.4361517640128094,0.0,1.0,0.6147709954692762,1,-4.2476135498759255
1.0,-0.23388781226047692,1.0,0.2549451385319567,1.0,0.0,1.1412494593498623,1.0,1.0,-0.020228776330022534,1,-4.310745975005648
1.0,0.95391005113789,0.0,0.9956636016640136,1.0,1.0,0.41017755233987335,0.0,1.0,-0.5636668264117339,0,-4.277910697107703
1.0,0.05116402130303828,1.0,-0.4114197640733086,1.0,0.0,-1.1373143256521483,1.0,0.0,0.14559399947774448,1,-3.6830658920592483
1.0,-0.004610552097193896,1.0,-0.4624642083163241,0.0,1.0,-0.9405327335272597,1.0,0.0,-0.8852413866200977,1,-4.551178469761444
0.0,0.26065819686146574,0.0,-1.2096643475422908,0.0,1.0,-0.7280789021690737,1.0,0.0,1.3016475251292694,0,-2.2795196054172515
0.0,0.4123952934963125,0.0,0.38774193710835786,0.0,1.0,1.0284655396560163,1.0,1.0,0.689911611951764,1,-3.828023582877769
1.0,0.14369946148586563,0.0,-1.1316965450084793,0.0,1.0,-0.07847068651255244,1.0,0.0,2.6248947752672,0,-1.712214800216876
0.0,0.5976539995227729,0.0,-0.31063560992044154,0.0,1.0,-1.5991809532528194,0.0,1.0,0.5597516169647568,1,-4.285835286699705
1.0,2.35169837067683,1.0,-1.3008536192871958,1.0,1.0,-0.8369573614280844,1.0,0.0,-0.657306212627427,1,-5.327254769322438
1.0,-1.94298256862024,1.0,-0.15233469029928315,1.0,0.0,0.7629726792488599,1.0,0.0,0.7303397577404211,1,-2.8656941415066908
1.0,1.5209669746750747,1.0,-0.5017092988424279,0.0,1.0,-0.1630558637326477,1.0,0.0,-0.8319248971838709,1,-4.280984052269484
1.0,1.5172317273273948,0.0,1.0242407297014964,1.0,1.0,-1.2275087600963057,0.0,1.0,-0.8022623847629254,0,-4.880053760658126
1.0,-1.410464574378946,0.0,0.44032599737499833,1.0,0.0,1.3033131217912866,0.0,1.0,-0.3308558364567406,1,-4.248964830962989
0.0,3.510322834338368,0.0,-1.958517189996216,0.0,1.0,-0.06760783496398388,0.0,0.0,0.683485079600649,0,-4.788147929625525
1.0,0.9541838798968549,0.0,0.9694254984087871,1.0,1.0,-1.3957707460382434,1.0,1.0,-1.3481583131598658,1,-4.698110230644444
1.0,0.2937969844804362,1.0,0.15731674833063652,1.0,1.0,-0.3859858927498509,1.0,1.0,0.4800733346730065,0,-3.410954598350922
0.0,1.5889022368324837,1.0,3.039009451104433,0.0,1.0,0.11916049421720762,0.0,1.0,0.5712412942826753,0,-5.1909493674776925
1.0,-0.5855810625050807,0.0,-0.8956185062368779,1.0,0.0,-0.7207795990085281,0.0,0.0,-0.6500888184189855,0,-3.3111480478265047
1.0,0.5336062802683778,1.0,1.0031507774713306,1.0,1.0,-1.1644329072004238,0.0,1.0,0.24132418240728615,1,-5.430478944110638
1.0,0.8132761732696026,0.0,-0.9940691765587079,0.0,1.0,-0.25964907624891376,1.0,0.0,0.8850088985337263,0,-2.970706137385331
0.0,1.619347543377548,1.0,1.4795149394553209,0.0,1.0,-0.1862502787275815,1.0,1.0,0.31272985103894735,0,-5.197761933742956
1.0,1.706006459666572,0.0,-1.4585515455388312,1.0,1.0,-0.3475379361390978,0.0,0.0,0.9447983991514162,0,-3.683235252503871
1.0,-0.695308250677111,0.0,0.23991765659431707,0.0,0.0,-1.5914235331656217,0.0,0.0,-0.08904733849468412,1,-3.580020035023556
0.0,-0.6959076641626639,1.0,-0.734302310235104,1.0,0.0,-1.65721206311618,1.0,0.0,0.5769239552569596,1,-3.752446384009427
1.0,0.5704579985737211,0.0,1.135137964561351,0.0,1.0,0.0676748561415023,0.0,1.0,0.10376365640754583,1,-4.798858523541787
0.0,-0.4655377895544259,1.0,-0.2167772001028105,1.0,0.0,-0.8917753523849841,0.0,1.0,1.2560543645900126,0,-4.589608073156473
0.0,0.7565678429990271,1.0,-0.30613600825348386,0.0,0.0,-0.21930157725635027,0.0,0.0,-0.6944032698689493,1,-5.185736147722913
1.0,0.07234783566707434,0.0,0.025750337878580033,1.0,1.0,0.14655351595610486,1.0,0.0,1.174785477527482,1,-2.937563731332779
1.0,1.2184430717050863,0.0,0.6388969742168172,1.0,1.0,0.11240417415359832,0.0,1.0,0.5548286790769,0,-4.1993881394697725
0.0,0.5787727634728982,1.0,-0.9648740105614023,0.0,0.0,-0.9842834732170258,0.0,0.0,0.930498771038387,0,-4.362895336660837
1.0,0.670428922843736,1.0,0.2243226618028809,1.0,1.0,-0.14183959142141697,1.0,1.0,-2.6144613888552497,1,-4.737521499842442
1.0,-0.5234028690000929,1.0,-0.05810476815264497,0.0,0.0,0.40599871137188953,0.0,0.0,0.504572945517731,1,-4.320597461027695
0.0,0.2758649768632381,1.0,-0.868456043222696,1.0,0.0,-0.8991718884517437,1.0,0.0,1.027371311832704,1,-3.6128892252144564
1.0,-3.7787628194412908,1.0,1.1580358280136174,0.0,0.0,-1.3056974433705495,0.0,1.0,1.2289088302352642,1,-3.63311848927399
0.0,-0.20858200865820153,1.0,-1.8615432627151014,0.0,0.0,2.3376406954183553,0.0,0.0,2.0187827320648433,1,-3.9667945837551115
1.0,0.26606102565057077,0.0,-1.4578537562451463,1.0,0.0,1.0207708984091195,1.0,0.0,-0.8821863250720249,1,-3.5542276802836805
0.0,0.1197242329126192,1.0,-0.9300615985691448,1.0,0.0,0.7597926996444977,1.0,0.0,2.1124056795924373,0,-4.014327530056955
0.0,-0.3769778311160046,0.0,-0.33173203909523835,1.0,1.0,-0.40707361589902064,1.0,1.0,-0.2308043160439855,0,-3.4684368152094542
1.0,0.420710835613475,1.0,0.24941865392746826,1.0,1.0,0.07803133032799939,0.0,1.0,-0.5783059554730099,0,-4.556714996877967
0.0,-0.2847847317952131,1.0,-1.0653474955887459,1.0,0.0,-0.027864901819403168,0.0,0.0,-0.24181908409051744,1,-4.654840795621788
1.0,-0.8714810567936486,1.0,-0.21231945808800154,0.0,0.0,1.4113401352560602,1.0,0.0,0.410729827768198,1,-4.28738850152961
1.0,1.2247366087527152,1.0,-0.05784727807025625,1.0,1.0,0.01356985446856491,1.0,1.0,-0.39939351574164034,0,-4.251087647606603
1.0,-1.2188349646324879,1.0,-1.1297914478970228,0.0,0.0,-0.779812875218413,0.0,0.0,0.2889700437368136,1,-3.50950372553584
0.0,-0.019699734279423318,1.0,-0.6992560534473258,0.0,0.0,1.026976863882531,0.0,1.0,-0.333884877284389,1,-5.3238581759000745
1.0,-0.24329908377540796,0.0,0.6446168902200491,1.0,1.0,-0.3116734716857276,1.0,0.0,0.48152953440267987,0,-2.6718275460935064
1.0,-1.0874410771182381,0.0,-0.9635813010516431,0.0,0.0,1.6788680405460437,1.0,0.0,0.13726478004143533,1,-2.884162243832448
1.0,-0.7641697502937007,0.0,-0.5212967220158118,0.0,0.0,1.2154641383089504,0.0,0.0,1.3352631633980376,1,-3.2326701329408025
0.0,1.305960087274216,1.0,-0.17005980284587116,0.0,1.0,-0.6403760878686252,1.0,0.0,1.6471711734553716,1,-4.702063855672422
1.0,0.9556843720741512,0.0,0.2217065421608574,1.0,1.0,-0.22491575592571458,0.0,1.0,-1.0512960140364933,1,-4.946397320026443
1.0,-0.5151292085641618,0.0,0.8003724071960325,0.0,1.0,-0.0039026989436583,0.0,1.0,-1.3748565316246204,0,-4.619881365330032
0.0,-0.38075230187943954,1.0,-0.19504952696863748,1.0,0.0,-1.1246961164613234,1.0,1.0,0.16068069246778235,1,-5.049873772232737
0.0,-0.001776137549506126,0.0,-1.3790452769520551,1.0,0.0,-0.10420560954285787,1.0,0.0,-0.896546672293855,0,-2.9391283022161705
0.0,-0.8339612725514224,1.0,-1.0234654670724874,0.0,0.0,-0.341116154236762,0.0,0.0,0.3463487785451549,0,-4.351585887896837
1.0,-0.7693505532574404,1.0,0.03490416301226281,1.0,0.0,0.5351442419342576,0.0,1.0,2.695169043836673,1,-3.9202726265366983
1.0,-0.7192152641290881,1.0,-0.9949689195530256,1.0,0.0,0.13646816882714746,1.0,0.0,-1.7398661123353576,1,-3.6727778524607517
1.0,-0.618894124287219,0.0,-2.8747309435524215,0.0,1.0,0.16288201308955647,0.0,0.0,0.3564393741348732,0,-2.4314549913817993
1.0,-0.5853157481244848,0.0,0.5062457155480039,1.0,0.0,0.27661685594983204,1.0,1.0,0.3669999750989325,1,-3.078278348021217
0.0,1.640881185660511,1.0,1.0873678944292045,0.0,1.0,2.2243611942789756,1.0,1.0,-0.48268879830733546,1,-5.462828494744533
0.0,-1.0519505673813996,0.0,-0.027240649907404414,1.0,0.0,0.8949472784323115,0.0,1.0,-0.8687740379507073,0,-3.7583805847863414
0.0,0.3500159273342688,0.0,-0.9303548308237504,0.0,1.0,1.154049193308251,1.0,0.0,-0.9906942298009697,1,-3.337686430830122
0.0,0.606804862361659,0.0,-0.07272414074122102,1.0,1.0,-0.04049973240247147,1.0,0.0,-0.34244655814361075,0,-3.414592534991301
0.0,0.6104072657266894,1.0,-0.9353919661140148,0.0,1.0,1.8431685943414393,0.0,0.0,-1.3215487638987768,1,-5.180192670240449
0.0,-0.7832863246090987,1.0,1.324421900480682,1.0,0.0,-2.0296706549696726,1.0,1.0,-0.0020017545325091406,1,-4.355421108398895
1.0,0.5555246147668729,0.0,-0.21292029396180193,1.0,1.0,0.8973166935466493,0.0,1.0,0.7522672650430201,0,-4.067741054179669
1.0,0.7364256158723568,0.0,0.7897378729413046,0.0,1.0,-1.1138721273164394,0.0,1.0,-0.0853199702663552,0,-3.586234197314946
0.0,-0.98189066235439,1.0,2.2098884705098287,1.0,0.0,-1.392546631289327,1.0,1.0,0.7224532067484489,0,-3.7850117090821414
1.0,0.8839644475723705,0.0,-1.0878655232309455,1.0,1.0,-0.7929190267936908,0.0,0.0,0.2515554139157091,0,-3.630433044906204
1.0,1.2277692056491205,0.0,-0.6631273359573925,1.0,1.0,-0.06561796987592372,0.0,0.0,1.3906000640832359,0,-3.455019588141002
1.0,0.44767141987461334,1.0,-0.8248920206502246,0.0,1.0,1.9673509555904605,1.0,0.0,-0.08539476441408557,1,-3.6933476216767684
0.0,-0.11222255892712844,0.0,0.39153378034524955,0.0,1.0,-0.6142545511016195,1.0,1.0,-2.0262350953315327,0,-4.135124057821878
0.0,-0.8680481026620936,0.0,1.0681853743677272,0.0,0.0,0.9887297164935325,0.0,1.0,-2.2821276220003095,1,-4.976905670233924
1.0,-1.4121689016143022,0.0,-0.715740315180048,0.0,0.0,-0.9565775427849584,1.0,0.0,-0.6246332960363703,0,-2.786117324920158
0.0,2.0586421522624465,0.0,1.9354290436323518,0.0,1.0,1.7620191319993719,1.0,1.0,0.033367646640798096,0,-4.241258981604042
1.0,1.7740496835813504,1.0,-1.3548776478567615,1.0,1.0,-0.4919948945780043,0.0,0.0,-0.6804779733615041,1,-4.893332276355185
1.0,0.9355052671938477,1.0,0.5051195817422321,0.0,1.0,1.0947824440085876,0.0,1.0,0.10809506571771464,1,-4.995752176699011
1.0,1.255077747625998,1.0,1.5296214632878515,1.0,1.0,-1.0923520984354465,1.0,1.0,-1.620190470461137,1,-5.771840311588237
1.0,-0.2912860599927859,0.0,0.39415001460227017,0.0,1.0,-0.08510017955758983,0.0,1.0,0.7030584456594011,0,-3.414159291719701
0.0,0.6139397142583841,0.0,-0.4581066169536725,0.0,1.0,-0.651239549510603,0.0,1.0,1.0205482494248088,0,-3.8425417858006554
1.0,-1.1762249610477449,1.0,0.39022605038786173,0.0,0.0,-0.5819896145431919,1.0,1.0,-1.8577301274885598,0,-4.162048784028238
0.0,1.606074988276203,0.0,-1.3809152622160534,0.0,1.0,-1.148429924428537,0.0,0.0,0.3424586800729391,0,-3.8824024374743002
0.0,-0.10650062632277922,0.0,-0.14427780719302455,1.0,1.0,-0.8865172450052116,0.0,0.0,0.20260935899784746,0,-4.203964326164007
1.0,0.49777935129157763,1.0,0.5261814749612357,0.0,0.0,0.4882580814356047,1.0,1.0,0.8231502875339524,1,-3.7228974747752925
1.0,-0.9219168833762611,0.0,-0.32767255322557576,0.0,0.0,0.7838007851447221,1.0,0.0,-0.3752307282665104,1,-2.7742944734087795
1.0,-0.7693498977508079,0.0,0.09451690844164541,1.0,0.0,-0.23883269607306679,1.0,0.0,0.5268698234357979,0,-2.469365349194802
0.0,2.2237375142633287,1.0,-1.049344433088941,1.0,1.0,1.5496241503760901,0.0,0.0,0.9703727685312815,0,-5.234259238868561
1.0,0.4712811556238727,0.0,1.426687861571152,0.0,1.0,-0.20602231429783624,0.0,1.0,-2.138778423551103,0,-4.865221579603296
1.0,0.7958664648132995,1.0,-2.211249217581597,1.0,1.0,0.3432951235485732,1.0,0.0,0.2555810155040799,1,-3.806966261085627
1.0,0.3461808092658007,0.0,0.9624821918356818,0.0,1.0,-0.7066335024189386,0.0,1.0,0.02462717572055979,0,-3.958962159007181
1.0,0.09790467844350552,0.0,2.4232275767533387,0.0,1.0,0.7250138796100787,0.0,1.0,0.15927706117896326,0,-4.225276090720781
1.0,-0.08858971846922739,0.0,1.3350469673184924,1.0,0.0,-0.8420060512287848,1.0,1.0,0.5617496767089898,0,-3.244992916266095
1.0,0.08566180915940877,0.0,-0.0658343222487901,1.0,1.0,1.1644240816002416,1.0,0.0,0.46482779964904314,0,-2.6929687039687416
0.0,-1.2227699438389503,0.0,-1.0554187784742737,0.0,0.0,1.3974758376494814,1.0,0.0,-1.6176652127909035,1,-3.3011888746381453
0.0,1.2744227037532794,0.0,0.32661120922854087,1.0,1.0,-0.42139999518568444,0.0,1.0,0.7994957991411497,0,-4.521832417609005
0.0,0.2959358951628304,0.0,2.106521878149465,0.0,0.0,0.8643607299420688,0.0,1.0,-2.465974964175333,0,-5.477875227870372
0.0,0.4916546574592069,0.0,0.7846095842028099,0.0,1.0,-1.440779738439746,0.0,1.0,-1.1250548028604537,1,-5.276089183169152
1.0,0.13817721223781534,1.0,-0.02174324948537952,1.0,0.0,0.9964421593503382,1.0,1.0,-0.14695728419497478,1,-4.022270315452252
1.0,-0.7854814582030751,0.0,-1.0219952494409172,0.0,0.0,1.085151530941482,1.0,0.0,0.058807464626405126,1,-2.516535624572249
0.0,-0.14664178700837416,1.0,-0.3874004409523732,0.0,0.0,-0.1695333511010641,1.0,1.0,-2.6562352165283256,1,-4.58400294405522
0.0,2.6415365572060496,0.0,1.2832764621926471,1.0,1.0,-0.9229801086052349,0.0,1.0,0.7588611299635819,0,-5.274505086318433
1.0,-1.858954725263087,0.0,-1.1962485283504147,1.0,0.0,-0.5577164511431186,1.0,0.0,0.6295372492026297,0,-1.9580583880851166
0.0,1.2043187430261377,0.0,-1.975751755548429,1.0,1.0,-1.537801379264513,0.0,0.0,-0.21287949588884453,1,-4.146180924292811
1.0,-0.6031056897318107,1.0,-0.4739558629962788,0.0,0.0,1.3792999190700057,1.0,0.0,0.9763555755504568,1,-3.9482338655451548
1.0,-0.16427490044431103,1.0,-1.402411489678114,1.0,0.0,0.041067238823685376,1.0,0.0,0.7489882543931121,1,-3.4296745085521336
0.0,-0.25056581160281216,0.0,0.9888378680083707,0.0,0.0,1.583013888082235,1.0,1.0,-1.7804842353614097,0,-3.9458989727407907
1.0,0.07698964682924475,1.0,-0.05605334385065,0.0,1.0,-0.6757365053441194,0.0,1.0,1.5014253141050542,1,-4.795052484577347
0.0,-0.5543264406018908,1.0,0.5546264465745129,0.0,1.0,-0.1763691262145147,1.0,1.0,-1.330098949710456,1,-4.68527614246713
1.0,0.5337047895701564,0.0,1.1877577160840305,1.0,1.0,0.9212512540467738,1.0,1.0,0.22177061530207548,0,-3.52245206119267
0.0,1.9033842206467073,1.0,-0.07845647434149193,0.0,1.0,-0.3072574103702481,1.0,1.0,-1.1760675776066956,0,-5.243120237257935
1.0,-0.1001928508416766,1.0,0.3832132843939184,1.0,1.0,-0.1271971148412548,0.0,0.0,1.6204892702526332,0,-3.793527042034641
1.0,-0.9401422330334755,1.0,0.6508999587326114,1.0,0.0,-0.7904827290587934,0.0,1.0,-0.7883928116178244,1,-5.029613130562534
1.0,-0.8131395076061192,1.0,1.2145527342907076,0.0,0.0,0.9454532977148381,0.0,1.0,-0.8151121977696816,1,-4.826477226094293
0.0,0.6610192691620658,1.0,-0.03117280197611447,1.0,1.0,0.7388889360139721,1.0,0.0,1.8255651928134833,1,-4.064172944010643
1.0,0.11642993863578115,0.0,-1.601492875018731,1.0,1.0,1.1791148895491892,0.0,0.0,-0.5393236687376207,1,-3.159616624575936
0.0,-0.9909780729309112,1.0,-1.1421342195681665,0.0,0.0,-0.15549036224869592,1.0,0.0,0.19739308131613548,0,-3.7614301432485338
0.0,0.11621874171471168,0.0,0.5610851353961311,1.0,1.0,1.553598504917174,1.0,1.0,0.43363755856220776,1,-4.116886528769978
1.0,0.396596843996477,0.0,0.5246683956449927,1.0,0.0,0.7704489981889439,0.0,1.0,0.03750373043748352,1,-4.175733103407407
0.0,-0.226707777212562,0.0,0.3435505987944515,0.0,0.0,0.6842415762419394,1.0,0.0,-0.5110639978032321,1,-3.5652010164600036
1.0,0.0369266025859651,0.0,2.3421358161770187,1.0,0.0,2.1924739006803704,0.0,1.0,0.37438421468094674,1,-4.909574769386487
0.0,-2.3867593359100256,1.0,-0.7607469025960941,0.0,0.0,-0.769984568223958,0.0,0.0,0.13659480989337094,0,-3.085203808287555
0.0,1.1683068205665912,0.0,-1.6770096261606424,0.0,1.0,0.6654537256053589,1.0,0.0,-0.33727979689045073,0,-3.296692589743204
0.0,2.251557373408319,0.0,0.11123436346027941,0.0,1.0,1.2212042895946549,0.0,1.0,-0.3246778028165706,0,-5.418769459881378
0.0,0.046420882554526505,1.0,-0.11067368008900247,0.0,0.0,0.17101863550491778,1.0,0.0,-1.6702985717171113,1,-4.501235738089715
0.0,0.14411071164891967,0.0,1.8552196410923731,1.0,0.0,0.30069333509559154,0.0,1.0,-0.016228123700022874,0,-5.223609736762173
0.0,-0.8280459729252869,0.0,0.22093618291092204,1.0,0.0,-1.8678646038896385,1.0,1.0,1.4067497950851025,1,-3.565708519201526
1.0,1.268102753073982,0.0,0.7475570483874647,0.0,1.0,-0.6417217700745917,1.0,1.0,-1.0604967629343387,0,-3.820655785425865
0.0,-0.10192640401172066,1.0,-0.38591123151022766,0.0,0.0,-0.4189914720405574,0.0,1.0,0.662022266395016,0,-4.935923038790307
1.0,1.0075201106358878,1.0,0.6922092795029835,0.0,1.0,0.34118657681157266,1.0,1.0,1.1886378007776732,1,-4.52694971122978
1.0,-0.02336566440612038,1.0,0.45555714795509344,1.0,1.0,-1.120466869898783,0.0,1.0,-1.8836307540536976,1,-5.59835964689781
1.0,-0.4824671237649003,1.0,0.6511269116050724,1.0,0.0,1.2330513768979399,1.0,0.0,0.254938560356668,1,-3.2565750041396426
1.0,-0.8401854446489387,1.0,1.143341101404699,1.0,0.0,-0.009257137000272777,1.0,1.0,0.8122942114775424,1,-3.8580622143888847
0.0,-0.5811944941407441,1.0,-0.2995494287428385,0.0,1.0,0.7156081148626757,1.0,1.0,1.9212824589141968,1,-3.4741892913176358
0.0,0.38877884318897415,0.0,-0.13952020828653794,1.0,1.0,0.681538430418863,0.0,0.0,0.4109338201938777,0,-3.608025619938203
0.0,-1.2120045985094523,1.0,0.554026934248387,1.0,0.0,0.006118757111063335,0.0,1.0,0.28221949601029117,1,-4.907366016823483
0.0,1.1053951295380608,1.0,0.17941597001531076,1.0,1.0,-0.07251300041720106,0.0,0.0,0.812650391352351,1,-4.637358924925925
1.0,-0.2906290151085422,0.0,0.32775246308750233,1.0,0.0,-1.842020046184002,1.0,0.0,1.6049146594688357,1,-2.648448597790705
0.0,-1.0914680464939288,0.0,0.3756293251434384,0.0,0.0,1.3626891721680325,0.0,0.0,-0.08589945782874739,1,-4.21937968198512
1.0,-0.7584270890900296,1.0,-0.14819739292901343,1.0,0.0,1.063732044217048,1.0,0.0,-0.6469876235016588,1,-4.355160166508183
1.0,-0.4019093826532489,0.0,1.4678243174826084,0.0,0.0,-1.521371361514938,0.0,1.0,0.28423007521030785,0,-3.561634452071389
0.0,-0.4316385921027264,0.0,-0.2489490068519798,0.0,0.0,1.0315822561396042,0.0,0.0,-1.1518973121770113,1,-4.448704532922239
1.0,0.44119168109579754,0.0,-1.149046111706078,1.0,1.0,1.6108052241462534,0.0,0.0,0.9847664344510562,0,-3.783809968193444
1.0,0.35774546257356915,0.0,-0.15799904008597052,1.0,0.0,0.2975219393468656,1.0,0.0,-0.25134675746288127,0,-2.9877390922508438
0.0,1.4622655154490152,1.0,-0.8455075046150163,1.0,1.0,1.29196604271422,0.0,0.0,-0.6994020841048767,1,-5.686524174485817
1.0,-0.7621767916733619,0.0,-0.459515421739116,1.0,0.0,0.8528921994805708,0.0,1.0,-0.6437283941925295,1,-4.440443239330438
1.0,0.10044996952518702,1.0,-0.13240413988626254,0.0,0.0,0.7085197077355506,1.0,1.0,-0.48495099339850123,1,-4.0998970434250745
1.0,0.9610834400462113,0.0,-2.0775007136088046,1.0,1.0,0.46099497531467293,0.0,0.0,0.504793641625048,1,-3.6421679669318845
1.0,0.40734623071320825,1.0,2.679920444145161,0.0,1.0,-0.6683899157453786,1.0,1.0,-0.448519920399154,0,-4.697303488282848
1.0,-1.1884428527358166,1.0,0.9704239431201199,0.0,0.0,0.02160517465870689,0.0,1.0,-1.4168768790063855,1,-5.051324370774051
0.0,-0.30565877750045617,1.0,0.5057332055107792,0.0,0.0,1.1586227085397902,0.0,0.0,1.7313253289698416,1,-4.984176994193035
0.0,0.5937681909376955,0.0,-1.668550385261175,0.0,1.0,-0.9762157691876364,1.0,0.0,0.5276696519939319,0,-2.5783061595446024
0.0,-0.861381549769775,1.0,2.1676879325008223,0.0,0.0,-0.40581385331230035,1.0,1.0,0.9212383678070812,0,-3.95354785389445
0.0,0.828559119902003,1.0,-0.15014694410416168,0.0,1.0,-0.6677361156883526,1.0,1.0,1.42691019634835,0,-3.811878429967595
0.0,-0.02058763910107629,0.0,0.612559596617676,1.0,1.0,1.7626676441373352,0.0,1.0,1.130425219677369,1,-4.118514802602842
1.0,-0.5177407132046377,0.0,1.476149745574748,1.0,0.0,-0.26013976115767473,0.0,1.0,-2.5469322715172993,0,-3.9051768877126194
0.0,0.30396947416102177,1.0,-1.9264849081538948,0.0,1.0,0.5770599790396158,1.0,0.0,2.1002224606639475,1,-4.133585945325952
1.0,-0.5166061553736937,0.0,-0.17824439314756038,1.0,0.0,-0.5040656979100122,0.0,1.0,-0.19273403708433207,1,-3.981058189571136
1.0,-2.342932267813346,0.0,-1.086081006508803,0.0,0.0,-1.0191875478633485,0.0,1.0,-0.43480600466305025,0,-2.707969137178916
0.0,1.6659363245341707,1.0,1.854453088859328,1.0,1.0,0.04310629052802099,1.0,1.0,-1.3864486049600822,0,-5.524372325502867
0.0,1.2773832911073877,0.0,-0.12400139398361995,1.0,1.0,0.3221832804886813,1.0,0.0,0.3133440084227543,0,-3.9664956136981275
0.0,0.08880463365025565,0.0,-2.3591968185346164,1.0,1.0,-1.6433191360411517,0.0,0.0,0.244197801896598,1,-3.599009755946177
0.0,1.4984407160436455,0.0,0.09999141461355537,1.0,1.0,0.05468521359482617,0.0,0.0,2.322433436207338,0,-3.9677661174346914
0.0,-0.27689256335931484,0.0,0.15197868782085236,1.0,0.0,-0.16139504146227068,0.0,1.0,0.26704040322387135,1,-4.17981373153628
0.0,0.8073351275135396,1.0,1.7293767236828683,0.0,1.0,-0.05835112189216431,1.0,1.0,-1.053642611335023,0,-4.638713897780849
1.0,-0.9173518130113435,1.0,-0.11803808337388724,0.0,0.0,0.012243647395834509,1.0,1.0,1.3466260141679751,1,-3.2528870321713454
1.0,0.633538241593594,1.0,0.60519197971875,0.0,1.0,0.5768027932875208,1.0,1.0,-1.7410513995983594,1,-6.059817400816742
1.0,1.23568814726188,0.0,-0.8445813607291766,1.0,1.0,0.30266156953976014,1.0,0.0,-0.0806191680575312,0,-3.8016985455876826
0.0,-0.5246380888927418,0.0,-1.1555839542520496,1.0,0.0,-0.4708305073839294,0.0,0.0,1.9079533048052293,1,-2.9371197588391587
1.0,-0.017004584350326944,1.0,0.3488226553821777,1.0,1.0,1.6408519072408794,0.0,1.0,-0.64775892985224,1,-5.560860637653128
0.0,-0.42352858114753344,0.0,0.5205267438812824,0.0,0.0,-0.29042845639275894,0.0,1.0,-0.9133015762795916,0,-4.0375113533809595
1.0,-0.24238577766677075,0.0,0.5684750839582506,1.0,0.0,0.3560297535177465,1.0,1.0,-1.3430781742998452,0,-3.1878729645442148
0.0,-0.7853574213537786,0.0,-0.8287208613742633,0.0,0.0,0.7754490593197849,0.0,0.0,0.6686896357087215,1,-3.6832390836174906
1.0,0.42010832748698396,1.0,-0.1634727150730877,1.0,0.0,0.8561347564379016,1.0,1.0,0.34073716145714505,1,-3.862346556892798
0.0,2.0670757560912216,0.0,0.9185180169219995,0.0,1.0,0.6564230022031929,1.0,1.0,0.6517232101997352,0,-4.064392728348944
0.0,1.4687526560055475,1.0,0.709824868436211,1.0,1.0,-1.1934869398466605,1.0,1.0,1.8591988687938832,0,-4.316890789908633
1.0,-0.4157124499600021,0.0,-0.7472795934787531,1.0,0.0,-1.3608840016877686,0.0,0.0,-0.00845601075549522,1,-4.137799365856541
0.0,-2.532051183900223,0.0,1.2382019364637702,1.0,0.0,0.30324911631707474,0.0,1.0,1.6086217344095037,0,-2.618663970345018
1.0,-0.3301256366647512,0.0,0.4834081545214633,0.0,1.0,1.3590291476105074,0.0,1.0,2.5666892489584248,1,-3.5420071808431164
0.0,-1.0323392562296332,1.0,0.8819589691907436,0.0,0.0,0.6176369063914239,1.0,1.0,0.0261207459878587,1,-4.577291877645851
1.0,0.04057523659629755,0.0,0.38819221863425046,1.0,0.0,-0.09922852835612019,1.0,1.0,0.363278783723846,0,-3.3085989295213856
1.0,0.2495190490815228,1.0,0.723748111556929,1.0,1.0,0.4527452642364828,1.0,1.0,0.2317217233149524,0,-4.021708512796516
0.0,1.315889498400862,0.0,-0.10023095823076852,1.0,1.0,1.1466076368853306,1.0,1.0,0.5709418710295614,0,-4.14070903610798
1.0,-0.2791972732993625,0.0,-0.9834983859691715,0.0,1.0,-0.7409472072542949,0.0,0.0,-0.025085594859781422,1,-3.4532920975794177
0.0,-0.18679036983169317,0.0,0.4467596908007163,0.0,1.0,-0.2674610195698,1.0,1.0,-1.6613473586646563,0,-3.460984731352607
1.0,-0.8537651055406663,0.0,0.7750259159923721,1.0,0.0,-1.2280031912721987,0.0,0.0,0.37051943740500387,1,-3.5611929147908823
0.0,0.8804787930622614,1.0,0.9853083582705846,1.0,1.0,0.3438413956135901,0.0,1.0,-0.35908908480662133,0,-5.4152024245331605
0.0,1.2879409461024112,1.0,-0.8150934907845196,0.0,1.0,-0.16914280715259034,0.0,1.0,2.2751150281372183,0,-4.46132486299749
0.0,0.13743087006834867,0.0,-0.2674190635572266,0.0,1.0,1.1942339977783223,0.0,1.0,0.2932684135440714,1,-3.813092186572417
1.0,-0.006159654889698831,1.0,1.2669330770124239,1.0,0.0,2.4471718900893986,1.0,1.0,-0.7516425973867085,1,-4.272094256408155
0.0,1.5012553837951734,0.0,1.4353751488914104,0.0,1.0,0.5208934614791679,1.0,1.0,0.6552533097104929,0,-4.359264474614616
0.0,1.422979032220954,1.0,0.23038823520334556,0.0,1.0,-0.5892472184140859,0.0,1.0,-1.640832969038854,0,-6.277995220708486
1.0,0.021791445948850956,1.0,-0.8807104198882485,0.0,1.0,-0.36159751047221356,0.0,0.0,0.28819343486445914,1,-4.6874003286688275
1.0,-1.330524849183114,0.0,-0.20883616354950557,0.0,0.0,-0.4330846118976663,0.0,0.0,1.3569338516572083,1,-3.241419611091165
1.0,1.324045764820325,1.0,1.6880549783351535,0.0,1.0,-1.3237420664382895,1.0,1.0,0.1911194314535605,0,-4.885946732198905
0.0,-0.3327741975474292,0.0,1.539884173117182,1.0,0.0,0.2052615692640686,1.0,1.0,-1.4478507056154357,0,-3.787203651694257
0.0,-0.31176602442951057,0.0,-1.0551223518139936,1.0,0.0,-0.7947098098964943,0.0,0.0,-0.42383573224273297,0,-3.5914607404577303
0.0,-0.32363065340361663,0.0,2.2670465441107988,1.0,0.0,0.46004296173138326,1.0,1.0,-0.3738402148094287,0,-3.926424026215715
1.0,-0.7815825707704304,0.0,-0.7635466659627059,1.0,0.0,-0.23423709482387486,0.0,0.0,0.2685909023096054,1,-3.8393569480759844
1.0,-0.12461155982116313,0.0,0.32295591114200706,0.0,0.0,1.21821315972655,1.0,1.0,0.28154610540017944,1,-3.310990826559381
0.0,-0.3519042074116821,1.0,-1.3907343138605277,0.0,0.0,0.7747692253317329,0.0,0.0,1.3360133195306374,1,-3.8614753186556783
0.0,-0.3654241903481658,1.0,-0.8516336775174378,0.0,1.0,1.1755555697881694,0.0,0.0,-0.5063846384097778,1,-4.95049137890373
1.0,-0.4643545998165196,1.0,-0.07132838049137645,0.0,0.0,0.4988991153688599,1.0,1.0,-0.40633095409604825,0,-3.6501809534803678
0.0,1.4086385508334083,1.0,0.22380446094047826,0.0,1.0,1.619406768280779,0.0,0.0,0.5918333772581319,1,-5.548798087615154
0.0,0.09306890632052588,1.0,0.77372679513824,0.0,1.0,-0.52238502682282,1.0,1.0,0.557288633838394,1,-3.9785917685426115
0.0,1.0274859702001156,0.0,0.015581567496715878,1.0,1.0,0.6952411972403926,0.0,1.0,-0.9132271108436161,0,-4.718655041302518
1.0,-0.8041847377506728,0.0,0.771885704539105,1.0,0.0,-0.7763225441185694,0.0,1.0,-2.0012695274156864,1,-5.038267629247904
0.0,0.11387424783717424,0.0,0.3675755336868993,0.0,0.0,0.1822092955372625,0.0,0.0,-0.7095318214120541,0,-3.950808107474078
0.0,-1.0084161262183766,1.0,0.2518308162512666,1.0,0.0,-1.561496886092998,1.0,1.0,0.3399793553502311,0,-4.110230347515395
0.0,0.8341143426000184,1.0,-1.5692787570243123,0.0,1.0,-0.22377079189755564,0.0,0.0,1.0412957438586015,1,-4.743747913967674
1.0,-0.32328524750254106,1.0,1.388888061285719,0.0,1.0,1.0618031364161291,1.0,1.0,-0.42620911969174663,1,-4.463705996885129
0.0,-0.21039270609276112,1.0,1.231656094059507,0.0,0.0,0.23883837680955997,0.0,1.0,1.2416450772742271,1,-4.667453464559783
1.0,-0.6022074876864554,0.0,-0.7900258858344849,1.0,0.0,-0.9684887301730898,1.0,1.0,-0.3064561786797757,1,-3.2995956236287953
0.0,0.04488402614701699,0.0,0.03531964805523184,1.0,0.0,-1.3406919536509883,0.0,1.0,-0.3838565942408827,1,-5.064251946955319
0.0,0.14147366108843837,0.0,-0.11092084601488537,0.0,0.0,-0.4879287443531445,1.0,0.0,0.028378019368696925,1,-3.1804584463749577
1.0,0.12166779242934567,1.0,1.5286691558883416,0.0,0.0,0.741205643849923,0.0,1.0,2.418612900789867,1,-4.899248013157571
0.0,1.0419591356437452,0.0,2.4343041256342812,1.0,1.0,-0.5228313006679315,0.0,1.0,-0.08609513014411842,0,-4.532804440258279
1.0,0.019729133996699733,1.0,0.7468420296242977,0.0,1.0,1.092638315632958,0.0,1.0,0.09013096976262212,1,-5.385759161126184
1.0,1.5763441542200285,1.0,-0.45910347619445213,0.0,1.0,1.5367910951818808,1.0,0.0,0.11240512893821906,1,-4.244108423526946
0.0,-1.1445350936520577,1.0,0.01754309008396219,0.0,0.0,-1.3359479743834928,1.0,0.0,-2.328759746075058,1,-4.374350698268309
0.0,1.8132780021718264,0.0,-1.1184119862057382,1.0,1.0,-0.06620971333569707,1.0,0.0,-0.8008023220979863,1,-4.277731583477957
0.0,-0.22841793986859066,1.0,-0.2756527573286635,0.0,0.0,-1.0572770700099798,1.0,0.0,-1.7297525120194406,1,-4.186049574287732
1.0,0.4865624282579129,0.0,-0.2773508489199894,1.0,0.0,1.7161011280692178,1.0,1.0,0.16575851709989947,1,-2.9645438672897426
0.0,-0.09045687372144487,0.0,-1.1621030242570758,0.0,0.0,-0.7352505431586209,0.0,0.0,-0.30253303204516624,1,-3.569687021719814
1.0,0.5048091772624314,1.0,0.12987698178788776,0.0,1.0,0.26176970164198676,1.0,1.0,-0.8372473702466423,1,-4.968202449089441
0.0,0.8880001870878177,1.0,-0.7037943501424594,0.0,1.0,-0.6982016775749676,1.0,0.0,1.3782873946984244,1,-3.882779148668592
0.0,-0.22301577200985637,1.0,-1.1472550119920792,1.0,0.0,0.36411612161647083,1.0,0.0,-1.0044755042548918,0,-3.7320800881682734
1.0,1.304948800061385,1.0,1.22897708804124,0.0,1.0,-1.0979878415304096,1.0,1.0,1.8193318003248984,0,-3.9133707215528624
0.0,0.9306898030881996,1.0,-0.23201511347622603,1.0,1.0,0.9089051352083833,1.0,0.0,0.3338931096880199,1,-4.2113818449510365
0.0,-0.8994647149511802,0.0,0.6046367754137907,0.0,0.0,-1.3069152815985263,0.0,1.0,-2.9511750949203495,1,-4.838525868848649
0.0,-0.9809763250467002,0.0,-1.3587215129811525,1.0,0.0,0.9826778185264796,0.0,0.0,2.1886836475031073,1,-3.0147605992194157
1.0,-0.03895675166517955,1.0,0.46675697807019634,1.0,0.0,-1.4971077215408533,0.0,1.0,-0.3794765387697587,1,-5.203787867417821
0.0,1.0823085121598484,1.0,-0.4523474189540746,0.0,1.0,-0.9185958218214263,1.0,0.0,-0.2015292337641971,0,-4.084023076830923
1.0,0.17862133220708806,1.0,-0.9080037660504622,0.0,0.0,0.32270706439523,0.0,0.0,0.03671666854184898,0,-3.8958090597342174
1.0,0.8133280689381241,1.0,-0.040023616686410676,0.0,1.0,0.2502543113304922,0.0,0.0,-2.066555253142126,1,-5.740802117843815
0.0,0.07619001531723135,1.0,1.3628683797607009,0.0,0.0,-1.5552255475813659,0.0,1.0,-1.119591009020689,1,-5.122963204381818
1.0,1.1356154584757436,1.0,-0.2525399215821345,0.0,1.0,-0.24130014121660037,0.0,1.0,-0.5643119542448746,1,-5.24764595168758
0.0,0.9706825974606257,0.0,0.10692803558288236,1.0,1.0,0.8614915584715153,0.0,1.0,1.5997749180370058,0,-4.114780682508955
1.0,0.7738559022610378,1.0,-1.0473205253230256,0.0,1.0,-1.8322605525380369,0.0,0.0,1.4188272602029548,1,-3.4206166115403334
1.0,0.18614059167677077,1.0,-0.9054108572470723,0.0,1.0,-1.143649240969081,1.0,0.0,-1.4346984341938585,1,-3.673786126142873
1.0,0.44399776490240234,0.0,-1.777303216225041,0.0,1.0,-1.7133778114026095,1.0,0.0,0.6822186282384828,1,-3.2121588011147018
0.0,1.1334391510622994,1.0,0.05057853421273483,0.0,1.0,-0.3997889192419422,1.0,0.0,-0.5369549793510914,0,-4.45039779854408
1.0,-1.0861950670877651,1.0,-0.5105446815627201,1.0,0.0,-1.1079639674371802,0.0,0.0,-1.2945296009753144,1,-4.356894254209994
1.0,-0.2347078687468876,1.0,0.17322215902403887,0.0,1.0,1.0236408542019775,1.0,0.0,-1.1984069701910767,1,-3.835719244921357
0.0,1.1626869881867092,0.0,0.6070614688897118,0.0,1.0,-1.007065134409931,1.0,1.0,1.8815331668442075,0,-4.161290620317674
0.0,0.8922013354208745,0.0,-0.5223632940795843,0.0,0.0,0.27845461331665944,0.0,0.0,-0.7987516613762203,0,-4.275004727063975
0.0,1.1812515361875395,0.0,-0.33964012163362856,0.0,1.0,-0.36758631953795096,1.0,0.0,-2.1905298500320813,0,-4.560948447894102
1.0,0.3658768210467181,0.0,1.1309104193532882,1.0,0.0,-1.9565703166522024,0.0,1.0,-0.7800957980723178,1,-5.13795454037813
0.0,-0.4543473787866383,0.0,-0.9028026296008286,1.0,0.0,-0.07493346271457109,1.0,0.0,0.830684049161492,0,-2.8556968376374074
1.0,-1.4624796525080017,0.0,-2.0177888028536994,1.0,0.0,0.5644226661703868,0.0,0.0,1.3256583281466312,0,-2.0818976202280277
0.0,-0.39381372663833747,1.0,-0.4842371689344745,0.0,0.0,-0.5408679368994179,0.0,0.0,-1.1381331075133914,1,-4.772093828960837
1.0,0.20033158274354876,1.0,-0.3382809626538245,0.0,0.0,-0.207429871934815,1.0,0.0,-0.02662129517365388,1,-4.180860267281628
0.0,-0.04992342489969423,1.0,1.4270022165738114,1.0,0.0,-0.7457534158978263,1.0,1.0,-0.23115592568746712,0,-5.043070453673349
1.0,2.2309019401716186,0.0,0.3443437790144073,1.0,1.0,-1.306681661899591,1.0,1.0,0.7100064353480814,0,-4.041265067410794
1.0,0.8409916730958571,1.0,0.2249654300966649,1.0,1.0,2.3692510607621813,1.0,1.0,0.6077541744702482,1,-4.822738947479195
1.0,0.4029079318130971,0.0,-0.20871054487631727,1.0,1.0,0.3774717735343745,0.0,0.0,1.2363068828292023,0,-3.347388711324991
0.0,1.9026392878954512,0.0,0.3380496491462069,0.0,1.0,-0.3240431164974682,0.0,1.0,0.13036277559347528,1,-5.202394756381853
1.0,0.8315708562370575,1.0,-1.4630863533376528,0.0,1.0,-1.3119148972251364,0.0,0.0,-0.06168867234555566,1,-4.632809345408452
0.0,-0.23677209038189437,0.0,0.5387168000817548,0.0,0.0,0.01580597953867747,0.0,1.0,0.15786889293954862,0,-4.294307735331895
0.0,0.6748745092664484,1.0,0.6286604833278344,1.0,1.0,-0.14592939550334805,0.0,1.0,-1.6951972204593397,0,-5.812754677093017
0.0,-0.928432038486575,1.0,1.115693286763332,1.0,0.0,-0.1926994719960095,0.0,1.0,-1.0461695234941708,1,-5.1221938795891875
0.0,0.8390284840101945,0.0,-0.9315137758948101,0.0,1.0,1.842613850743098,0.0,0.0,-2.194932393018041,1,-4.700774213692463
0.0,-1.0583453965604728,0.0,-0.8513745852087815,1.0,0.0,-0.9544581480750282,0.0,0.0,-0.013470043862425311,0,-2.901842289807785
0.0,-0.22926447577394418,0.0,0.535240438904126,0.0,0.0,-2.7454351602869917,0.0,1.0,0.037938604472884246,1,-4.898150603322866
0.0,-0.053083185078337355,1.0,-0.7506773956536861,0.0,1.0,0.1322794593469039,1.0,0.0,-0.08855145951602705,0,-3.338424462809758
1.0,-0.31468312874569193,1.0,0.4103773857197269,0.0,1.0,-0.08684089182257185,1.0,1.0,-0.015050146920253745,1,-4.155562054035465
0.0,-0.0021386827470428983,1.0,0.11974360795921508,1.0,0.0,-1.12517893262735,0.0,1.0,1.4198788327474146,0,-4.384738694448297
0.0,0.3788321353154216,1.0,0.787794501371895,1.0,1.0,0.8364976848796233,1.0,1.0,-0.8498356840985032,1,-4.614562015771814
0.0,1.4155216285971757,0.0,-0.41361695084939615,0.0,1.0,-0.39275635404601916,0.0,0.0,0.39341988702044256,0,-4.540299322257521
0.0,-0.596232567906489,0.0,0.04955368996087191,1.0,0.0,-1.6924401180566826,0.0,1.0,1.0155627304303676,1,-3.9426595032935774
0.0,0.16903674526676055,1.0,-0.9764659387427481,1.0,1.0,1.3785557329144142,0.0,0.0,-0.8405541312879148,1,-5.122497999026527
0.0,-1.3337308367756635,1.0,-0.28964273037073507,1.0,0.0,-0.06447140741739488,1.0,1.0,1.0974239512073372,0,-3.682250313320029
0.0,0.4512637921297961,1.0,0.4892206235638797,0.0,1.0,-0.5125749080743178,0.0,1.0,-2.3938660322857848,0,-5.590109213715514
1.0,-0.009246605050639333,1.0,-0.5599034798616427,1.0,0.0,-0.03199951166521557,1.0,0.0,-1.7832217828402992,1,-4.251917012691144
1.0,-0.7811786501580305,1.0,0.23019571563568325,1.0,0.0,0.11835608548014655,1.0,1.0,-0.29562530555769356,1,-3.862016230362682
0.0,0.227385954824368,0.0,-1.4378852753966689,1.0,1.0,0.09296039663647927,0.0,0.0,-1.6404639050477052,1,-4.254995128457157
1.0,-2.8024941646838206,0.0,0.2358933425276649,0.0,0.0,0.3744962291966939,1.0,1.0,-0.6942275047059269,1,-3.332799444993353
1.0,-0.1419485605612085,0.0,0.005122957665180101,0.0,1.0,0.983668429047657,0.0,0.0,-0.29383642456795395,1,-4.120241782449141
0.0,0.9980820210221331,0.0,1.8258675066059395,1.0,1.0,0.9957502761974307,1.0,1.0,-0.49514591077794656,0,-3.986674066074635
1.0,-0.06159687890750494,1.0,-1.0236731230333258,0.0,1.0,-1.23545003678297,1.0,0.0,-0.42274186979257644,1,-3.987352356303888
0.0,-0.3623791643196854,0.0,-1.5265075016803282,0.0,0.0,-0.15824278466777106,0.0,0.0,-1.2644246176535134,0,-3.541191135203719
0.0,0.37625611028423983,1.0,0.7041423502229676,0.0,1.0,-0.7616553688835098,1.0,1.0,1.8671229420335362,0,-4.498002064573147
0.0,0.024919868606042075,0.0,-1.00947118271721,0.0,1.0,0.30764168408113685,1.0,0.0,-0.028749217433360463,1,-3.4675135698325614
0.0,-0.8562928123823542,1.0,-1.1576865424786598,0.0,0.0,-1.3357998509588909,0.0,0.0,1.425147004924913,0,-4.073419511382222
1.0,0.0670973452488156,1.0,1.4536732870449718,1.0,1.0,-0.966749188938667,0.0,1.0,-0.08670712653178601,0,-4.697885780648205
0.0,-0.7830593663635482,0.0,-1.7108403397322205,1.0,0.0,-0.30947973997835476,1.0,0.0,0.2177197987496232,0,-2.5957183417348597
0.0,-0.8068900246114719,0.0,-0.3292449177141149,0.0,0.0,-0.7598729807435288,0.0,0.0,0.6069637896419854,1,-4.0353166789376145
1.0,1.5900923418381079,1.0,-0.027594592300003124,0.0,1.0,2.483384164404909,0.0,0.0,-1.7078423001260048,1,-5.337170533710863
0.0,0.7054162614925014,1.0,0.7617146986533186,0.0,1.0,0.9510334119474011,1.0,1.0,0.8722458182014994,1,-4.729341825403644
1.0,-0.25205830807307716,1.0,-0.15223636365177398,0.0,0.0,0.4890918212416348,0.0,0.0,0.26702170916055223,1,-4.6270222593135655
0.0,-0.1288636950387858,0.0,-0.2506169001865764,0.0,0.0,0.18250789675251192,1.0,0.0,-0.8253878190215747,0,-3.433233364656333
0.0,0.5480715135246697,1.0,-0.3151677963280568,0.0,1.0,-0.27626208942143116,1.0,0.0,0.5125877931400257,1,-4.354284826020186
0.0,-1.4651930725297064,0.0,0.6387406841228618,0.0,0.0,-0.4670425255983498,0.0,0.0,-0.3747746515051686,0,-3.743500343682193
0.0,-0.3997662950618888,1.0,-1.2063711435082114,0.0,1.0,0.34429881302469245,0.0,0.0,0.47264735794907664,1,-5.29552471423552
0.0,1.4418113745420162,1.0,0.4405807070375111,0.0,1.0,0.11024828786342207,1.0,1.0,2.1880197832256227,1,-4.6163173073188295
1.0,-0.7743727381613742,0.0,0.9861430367003609,1.0,0.0,1.8444678625819724,0.0,1.0,1.1278809704008435,0,-3.8353334897083364
0.0,1.5831502910181963,1.0,1.0201024991945271,1.0,1.0,1.8783341920405778,1.0,1.0,1.6525562403023306,0,-4.67744273897104
0.0,-1.7051356803321756,0.0,-0.687265661120737,0.0,0.0,0.6095690207027246,0.0,0.0,0.1403286270311495,1,-3.8509792178658566
0.0,0.7726187326629907,0.0,2.0891780484049702,1.0,0.0,0.10081392658351977,1.0,1.0,0.7961848495087808,0,-4.162692331862987
1.0,-1.4610981287133387,1.0,1.6728705486895417,1.0,0.0,-0.753056251079829,1.0,1.0,1.707767715419575,1,-3.3182035537824484
1.0,-0.2722184265654327,0.0,0.27561275302416655,1.0,0.0,-1.000225335528212,1.0,0.0,-1.2578195972868822,1,-3.460051673291427
0.0,1.697106446072301,1.0,-0.19979332845308745,1.0,1.0,-0.426332603949617,1.0,0.0,-0.517199762768576,0,-4.657020175584043
0.0,3.506337246139325,1.0,-1.1338248937893118,0.0,1.0,-1.3888859222712615,0.0,0.0,-0.3815815291032929,0,-6.24363171720407
1.0,-0.33614276422238043,1.0,0.31775231046576713,0.0,0.0,1.3859112856714857,0.0,0.0,0.0774272239996356,1,-4.933797880083563
0.0,-1.0250868310365542,0.0,-1.6848139569974478,1.0,0.0,0.34334808090548663,1.0,0.0,-0.3349439136847065,1,-4.012861796287832
1.0,0.9435371526625825,0.0,0.8748210596581194,1.0,1.0,-1.2070680602917894,1.0,1.0,0.42570404535339806,0,-3.442744120269373
1.0,0.10333143545509797,0.0,1.2588353253748639,0.0,0.0,0.05836068373496266,0.0,1.0,0.053102802275771084,1,-4.489584952810249
0.0,1.4719191111598264,1.0,-1.190153388477392,1.0,1.0,-0.3790521492169243,0.0,0.0,-1.3098007353986378,0,-5.290507385316769
0.0,0.8267044531910993,1.0,-0.2835456323467946,1.0,1.0,-0.3322355231821186,0.0,0.0,0.8369634719869845,0,-4.33753183540656
1.0,0.2095307707400967,1.0,-0.134584156128968,1.0,1.0,0.11460485138838844,1.0,0.0,-1.1537241380282275,1,-4.766968811533222
0.0,-0.39199433846741827,0.0,-0.2825814690625965,0.0,0.0,-2.3426762693447327,0.0,0.0,-0.6321039521394596,1,-4.425683781324564
1.0,1.416169008081315,0.0,-0.07616223925029184,0.0,1.0,-1.7610481417371993,1.0,1.0,-0.6784605535915748,1,-3.7402873548807394
1.0,0.8740118027313134,0.0,-1.022543522335263,1.0,1.0,-0.052912607319822114,0.0,0.0,0.5830836834505146,1,-3.9023721674050136
1.0,0.3813447241395088,1.0,0.6723265892138185,0.0,1.0,-0.08158291192484593,1.0,1.0,-1.993764122635858,1,-4.983157006747423
0.0,0.16995393203623646,1.0,-1.4359837131151927,0.0,0.0,1.1437028522385053,0.0,0.0,-0.3439499986004057,1,-4.861321322838088
1.0,-0.5211134843855992,0.0,0.8408916112788793,0.0,1.0,-0.687057408388252,0.0,1.0,0.5412237837088231,0,-2.9854578834881527
1.0,-1.4596857899047668,1.0,0.349072863463512,0.0,0.0,1.738276144740701,0.0,1.0,0.6991012505411743,1,-4.317191527837905
1.0,-1.0920304152915314,0.0,-0.25935827122916805,1.0,0.0,0.3586108180242103,0.0,1.0,-0.20015272982321772,1,-4.194747287048296
1.0,-0.5754693772230586,1.0,0.18339259535166838,1.0,0.0,0.5637085117323659,0.0,1.0,0.3744782353093346,0,-4.364379830193974
0.0,0.6194375060322372,1.0,-0.9416857073836684,1.0,1.0,0.30657970149087366,0.0,0.0,-1.0598774775515887,0,-4.859891298594086
0.0,0.49975447065459505,0.0,1.0331767081756555,1.0,0.0,-0.38281096291246636,1.0,1.0,0.06426577697146336,0,-3.7281069639554896
0.0,-1.5861790807237266,0.0,-0.31309390211964366,0.0,0.0,-0.9606430056132262,1.0,1.0,-1.4668359106973405,1,-3.727852327846408
0.0,0.42400196948682056,1.0,-2.164911952342108,0.0,1.0,-0.46705999781587665,1.0,0.0,-1.0373540254263838,0,-4.007928769930603
0.0,0.35707070637063476,1.0,0.6330982979321967,1.0,0.0,-0.041348307479397425,1.0,1.0,-1.6252167323038622,0,-4.577634539886668
1.0,0.19306702248949786,0.0,-0.5611491010281925,1.0,1.0,-0.1694693063134465,1.0,0.0,-1.1672383366527315,1,-3.555317618522782
1.0,-0.06561297568355232,0.0,0.9259409080118624,1.0,0.0,-1.3955146910171379,0.0,1.0,0.51485040987816,0,-3.9311293442239124
0.0,1.1205557519861513,1.0,-0.5895699478945525,0.0,1.0,0.8067252369933777,1.0,0.0,0.27542623003997946,0,-3.7868444067564893
1.0,-0.653675296223456,1.0,0.8141301542747997,0.0,0.0,0.6707943600439015,0.0,1.0,-1.5508838241028438,1,-5.253559174146395
0.0,-0.8575403163383718,1.0,-1.7905112678735748,1.0,0.0,0.04716635143841634,1.0,0.0,-0.6443134944444613,0,-2.8386258194604412
0.0,0.7900056297903573,1.0,1.5061136997089495,1.0,1.0,0.317850821207055,1.0,1.0,0.24585569222872197,0,-3.9522171704426245
1.0,1.8686544600720514,1.0,1.4956215055331978,0.0,1.0,0.08185570433091417,1.0,1.0,-1.384111156268143,0,-5.136689252794054
1.0,1.2632729985639901,1.0,-0.5985621750755147,1.0,1.0,-0.5819550801723746,1.0,0.0,2.736111226173502,1,-2.638536433730883
0.0,-0.7513186549480565,0.0,-1.6609849845161861,1.0,0.0,0.06838758461434609,0.0,0.0,1.3851504624524775,0,-3.0130331855763783
1.0,-0.5124229339876698,1.0,-0.6925995261196436,0.0,0.0,1.4292302956565375,1.0,0.0,-0.3563551770026653,1,-4.183702929238396
0.0,-0.8932822511289601,0.0,-0.9746321749930574,0.0,0.0,0.689015518083878,1.0,0.0,0.818971231122851,1,-2.1279086305070503
0.0,0.5327042150210007,0.0,0.41794290756698277,0.0,1.0,0.7728586471474471,1.0,1.0,0.4676926182474078,0,-3.1724703194959387
0.0,-1.14496452575115,1.0,1.1540592219585708,0.0,0.0,-0.7765774729567794,1.0,1.0,-0.23454322321865612,0,-3.9540511761857426
1.0,-0.01839637044344971,1.0,0.5814276758314562,0.0,1.0,0.37989125714459676,0.0,1.0,0.4163900331059325,1,-4.948711763949045
1.0,1.1588188716873604,0.0,-0.39593404193555354,0.0,1.0,-0.1756042505275002,0.0,0.0,-1.3690313980681756,0,-4.089244781389473
1.0,-0.46136953255394386,1.0,1.6302873369767068,0.0,0.0,-0.47685534003757585,0.0,1.0,0.039189464582330684,1,-4.606865219893857
0.0,-0.09887977627543873,0.0,0.4572330318223196,0.0,0.0,-0.6497623283809062,0.0,1.0,0.3645352657557511,0,-3.644364802417156
1.0,-1.0990337018748686,0.0,0.05993245116710915,0.0,0.0,0.20123827690244717,1.0,1.0,-0.8547279283081471,1,-3.3186761828284514
0.0,-0.10566081682147398,1.0,0.15776054547771784,1.0,0.0,0.9871058628977547,1.0,1.0,-1.8126461656858264,1,-5.206356960544792
1.0,1.7224380829446415,0.0,-0.061532244532323234,1.0,1.0,-0.2140858901361345,1.0,0.0,-0.478149588914144,0,-3.7509511145126604
0.0,0.19681497108558715,1.0,-0.009663755168426262,1.0,1.0,-0.39379494574694734,1.0,0.0,0.40921581441411625,1,-3.9329114489338117
1.0,-0.8245979823736321,0.0,0.04277644342755953,0.0,0.0,-0.2967032928661221,1.0,0.0,-0.4891168556633858,0,-2.7039931530613615
1.0,-1.0065615369636378,0.0,0.7842329074724168,1.0,0.0,0.4760323005444107,0.0,1.0,-1.3199580319564692,0,-3.9949933577977363
0.0,-2.2676732467197276,1.0,-0.8559450742167317,1.0,0.0,-0.3557122829907041,1.0,0.0,0.2122253528951677,0,-2.4022705276889647
0.0,-0.21636315779527535,0.0,0.7162834588362055,1.0,0.0,-0.6958519952602936,0.0,1.0,1.1723236573757687,0,-3.8447722145683403
0.0,0.7735688823173515,0.0,-0.003416450170326796,0.0,1.0,-1.8860964509655387,0.0,1.0,0.21463003227227384,0,-4.104578490178884
1.0,-0.3505280148478496,1.0,2.078354483698793,1.0,0.0,-2.6738114385247864,0.0,1.0,0.40635249237836235,1,-5.073194449527271
1.0,2.0080241489187243,1.0,0.8707127028817762,1.0,1.0,-1.2510714311557947,0.0,1.0,1.3813221967956621,0,-5.610681500690795
1.0,-0.9166405949571406,0.0,1.0285776993663263,1.0,0.0,0.1945353830157441,0.0,1.0,0.9222809668702755,0,-3.4937159640583544
1.0,1.0136268862721909,1.0,0.8662803379512386,0.0,1.0,-0.5193110965873815,0.0,1.0,0.7722734984635715,0,-5.085082097998258
0.0,-0.24627194202726543,0.0,-0.5584649573553447,0.0,0.0,-0.7015959922737753,1.0,0.0,-0.40636801356642704,1,-3.0374946303712522
1.0,0.8788702943418583,0.0,1.525325889975356,0.0,1.0,0.2524549650296055,1.0,1.0,0.17723627507208364,0,-4.1292730159763895
0.0,1.6761333010713688,0.0,-0.7150315614167814,1.0,1.0,0.25210594229550354,0.0,0.0,0.8179118441324047,0,-4.244874964158648
0.0,0.31375986985594706,1.0,0.038109007869300215,0.0,0.0,-0.17105226750317462,0.0,1.0,0.6673656088526803,1,-5.358689792615938
0.0,-0.37168438814220356,0.0,0.8067836077248932,1.0,1.0,-0.30650257640156664,0.0,1.0,-0.398944561296773,1,-4.688379278869694
0.0,-0.030159618569329492,0.0,0.5327709967354715,0.0,1.0,-0.9568716859318501,1.0,1.0,1.7299346700771219,0,-3.6248840310481865
0.0,-0.5555603026009868,1.0,1.517070169039721,0.0,0.0,-0.0668567372543692,1.0,1.0,0.6862878891150075,0,-3.7826073078609266
0.0,0.1393203740252985,1.0,-0.3604533851996995,0.0,1.0,-2.6672676312828596,0.0,1.0,0.23684730876935112,1,-4.674642154213241
0.0,0.6009772604164082,1.0,0.6973240797258712,1.0,1.0,1.3037866086846681,0.0,1.0,-1.684421568819831,0,-5.578821404370131
0.0,-0.4991425387548295,0.0,-0.3893340236147463,0.0,0.0,-0.5407579307217129,1.0,0.0,-0.5904341837331486,1,-3.6201709077363464
0.0,-0.5656347226104735,1.0,-0.18006404257165023,1.0,0.0,0.8548031782950084,1.0,0.0,-0.013305441350034492,1,-3.9929616252773563
1.0,0.09939425885393807,1.0,-0.7614373386461817,0.0,1.0,0.9959661523539067,1.0,0.0,0.5823746208332594,1,-4.145338952726715
1.0,-0.48169262448105266,0.0,1.10881568322614,1.0,0.0,1.0990725654522806,0.0,1.0,0.2239370749589981,0,-3.6298183037913483
1.0,-0.06387295990558635,1.0,-1.579546121237178,0.0,0.0,-0.9107210806897064,1.0,0.0,-0.8306511127986043,1,-3.585101925504779
1.0,1.8507413027870558,1.0,-2.2815978852320664,1.0,1.0,-1.5779706183267244,1.0,0.0,-0.6816559694867155,1,-4.517941894976424
0.0,-0.8246303786030869,0.0,-2.0516914169851006,1.0,0.0,0.16956176693305305,0.0,0.0,-0.45327780027645165,0,-3.540670090516314
1.0,-1.3953965490969902,0.0,-1.8179677706657607,1.0,0.0,1.324423941940477,0.0,0.0,0.44033600362832304,1,-2.5643528191061025
0.0,-1.6597248971120795,1.0,1.2671423373293844,1.0,0.0,3.2667588177026157,1.0,1.0,-0.014841259718453017,1,-3.7565511860145886
1.0,0.8505296799651082,1.0,1.4732745002027299,1.0,1.0,-1.8994522281143922,0.0,1.0,-0.6700886186735605,0,-5.615323820464233
1.0,0.9029350051601651,1.0,-1.4332146366882543,1.0,1.0,1.7055584265935855,1.0,0.0,0.007401564947178097,1,-3.5735585610857012
1.0,-2.75322191248315,0.0,-0.21786349797326557,0.0,0.0,-0.9586251753255123,0.0,0.0,0.05057667988289321,0,-2.51119220987673
1.0,1.662100533134719,1.0,0.06096841505150838,0.0,1.0,0.5643821522021083,1.0,1.0,1.336292452894337,1,-4.146489673964382
1.0,-2.1755046112133525,0.0,-0.2660451303459536,1.0,0.0,1.4100519404639544,0.0,0.0,0.5586111611047648,1,-3.1980714964686783
0.0,0.2554430157335924,0.0,0.609585260106927,1.0,1.0,-0.8871598625133129,0.0,0.0,-0.4944265127978094,1,-4.902881664429891
1.0,-0.22438478352293323,1.0,0.3127050272942078,0.0,0.0,-1.2969474956365554,0.0,1.0,0.6916410549763445,1,-4.691786186624967
1.0,0.6190119828557387,1.0,1.0499961061810335,1.0,1.0,0.1759846021814527,0.0,1.0,-1.0504104090428574,0,-5.5749053363237175
0.0,0.04302033438023667,1.0,0.8731064202270623,1.0,0.0,1.2651531031267658,1.0,1.0,1.5080884256625557,0,-3.7252994025665305
1.0,-0.8905970497779743,0.0,-2.0961340359848535,1.0,0.0,-0.23217182022632457,1.0,0.0,1.3979383686415177,1,-2.2314320239725123
0.0,1.2895689643095167,0.0,1.6732990096165745,0.0,1.0,1.390734649696708,1.0,1.0,1.6176916861147848,0,-4.240403394096956
0.0,-0.39801273370572354,1.0,-0.007891098420335207,0.0,0.0,-0.4659018917194146,1.0,0.0,-0.7675913366391995,1,-4.363030350713465
0.0,-1.23888756053737,1.0,-0.20819200895779608,0.0,0.0,0.7317544391505731,1.0,0.0,2.4290455861474443,0,-2.758510438372195
1.0,-1.5764537400211773,1.0,0.6358385820125215,1.0,0.0,-0.12174171816625881,0.0,0.0,-0.4684649593846242,0,-3.9420086534526617
0.0,1.1833968553213776,0.0,1.8220392301728066,1.0,1.0,0.19040892625977707,1.0,1.0,3.1971590273066632,0,-3.5165659137520606
0.0,0.9061288155994717,1.0,1.5429446779698797,0.0,1.0,0.8026239527771271,1.0,1.0,-1.4051161879085237,0,-4.823668228041269
0.0,-0.5441567098977349,1.0,-0.8505898326149082,1.0,1.0,-1.4337175399195212,1.0,0.0,-1.4840237500535074,1,-4.331565721061274
1.0,1.069801627053689,1.0,1.6357239211282184,1.0,1.0,-1.6767015864832053,0.0,1.0,0.8352389260754843,1,-5.629028278277239
1.0,-0.10948287823381886,0.0,0.42077079057471406,1.0,1.0,1.0993958838598896,0.0,0.0,-0.9867957527874861,1,-3.909912469680188
1.0,1.8200024482933297,0.0,-1.2705388519150214,0.0,1.0,0.12652306652394676,0.0,0.0,1.3649568870765894,1,-4.012460342452216
1.0,-0.4834609149178386,0.0,2.3073901502057454,0.0,1.0,-0.22186811490537423,1.0,1.0,1.0995363437328747,0,-3.1710626723158635
1.0,-1.4871788249344435,0.0,-1.08974068387061,1.0,0.0,-1.8014564655548986,0.0,0.0,-0.13192981523074404,0,-2.4314525238005187
1.0,0.7133879284754363,1.0,-1.2531672045635371,1.0,0.0,-0.37604405345263914,1.0,0.0,-0.004254796220368688,0,-3.7144674608462225
0.0,0.06011211842825185,1.0,0.37378955723034085,0.0,1.0,-2.777801540194998,1.0,1.0,0.03805642273450296,1,-4.681252171894959
0.0,1.19901145391606,1.0,-1.5019251476693152,1.0,1.0,-0.2114903611920536,0.0,0.0,-0.4927930905579506,0,-4.284976272090283
1.0,-3.345618058109301,1.0,0.2949273110826718,0.0,0.0,-1.5281444821760977,1.0,0.0,0.013852690587902065,0,-2.7382904089167512
1.0,0.7371973498234917,0.0,-1.3931747408771058,1.0,1.0,-1.8737962158924475,1.0,0.0,-0.5223140505003195,0,-2.8567942816010072
1.0,-0.5910350862618318,1.0,1.6202691267651559,1.0,0.0,0.32520823640490015,1.0,1.0,-0.7362053472491331,1,-4.3404462127342915
1.0,-0.82005720076548,0.0,-0.25349700145206955,1.0,0.0,-0.940356793710412,1.0,0.0,-0.8742626517156175,1,-2.8944458599696823
1.0,0.9524965497064766,0.0,-0.1343375281196704,1.0,1.0,-0.38763390790768215,1.0,1.0,0.16585628182369913,0,-3.237276552274267
0.0,0.21192604723821684,0.0,0.45867692052764875,1.0,0.0,-0.524398484872818,0.0,1.0,0.43061382957418676,1,-4.978148465743227
0.0,-1.8411164507840336,1.0,0.8618336902093258,1.0,0.0,-0.0352340762183292,1.0,1.0,-0.18919468729431724,1,-3.7287086901491184
1.0,-1.0402717579594942,1.0,0.4590114079301266,1.0,0.0,0.460869462263917,0.0,0.0,1.3810207677388036,1,-4.310574574458312
1.0,-1.1346281954903046,1.0,-0.7823836108500234,1.0,0.0,2.2785152513973657,0.0,0.0,-1.9135633399849628,1,-4.3974885834625805
0.0,-0.8201039364050208,1.0,0.37949736317240496,1.0,0.0,-0.14041549119448635,1.0,1.0,0.9427748324407547,1,-4.293475892066669
0.0,-0.8479271891204123,1.0,0.7645846687009368,1.0,0.0,-0.49986772555510844,0.0,1.0,1.5443004819033401,1,-5.017296271934625
1.0,-0.3455214770589816,1.0,-1.956720947388584,1.0,0.0,-0.42982137070422083,1.0,0.0,-0.47895580680889244,1,-3.912909232546457
0.0,0.2842984132615453,1.0,2.642973358439563,0.0,1.0,-0.9912663897169434,0.0,1.0,-0.0017342038182532038,0,-5.3372899066839805
0.0,2.512088839086219,1.0,-1.3236750589262292,0.0,1.0,1.762908532508514,1.0,0.0,0.5873913251779337,0,-3.801259550349945
0.0,1.1426833855891172,0.0,-0.969119712113562,1.0,1.0,1.6009872715932558,0.0,0.0,0.018583447063338077,1,-4.95330644258757
0.0,1.1249854836550346,0.0,-0.09314683699167312,1.0,1.0,0.8908129347245537,1.0,0.0,1.0699151188545908,0,-3.271749470709171
0.0,-1.306286202014089,0.0,-0.4349825806169079,0.0,0.0,-0.8444923454702986,0.0,1.0,-0.41330889848231595,0,-4.52432824209638
0.0,0.15647253383631723,1.0,-0.23848514011904498,1.0,1.0,-0.3923417546248108,1.0,1.0,-0.9746801291862897,1,-4.880265029080926
0.0,-0.27648319010897565,0.0,0.5582520719924731,0.0,1.0,0.53183628216898,0.0,0.0,0.879264991119804,0,-3.5512783958331204
1.0,-0.9485785662723203,1.0,-1.3371604162534292,0.0,0.0,-1.4304922804846791,0.0,0.0,-1.9748886829485728,1,-4.308529520231808
0.0,1.3194981321641615,1.0,-1.2776087338897621,1.0,1.0,-0.46824523888629604,0.0,0.0,-0.9842040931194413,0,-4.997814241463785
1.0,0.4458512569025406,1.0,0.3498783290587159,1.0,1.0,-0.1750833198449161,1.0,1.0,1.4058049644473807,1,-3.651746275245821
0.0,0.3177643039618597,1.0,1.0273934319518512,1.0,0.0,0.778141501447465,1.0,1.0,-1.0353841752217592,0,-4.409007576425906
1.0,-0.4246934688613571,1.0,0.5267778015854244,1.0,0.0,-0.9925696492992054,0.0,1.0,-1.2750620397020778,1,-5.1159602707472915
1.0,2.3214915278088024,0.0,0.7345699648215969,0.0,1.0,-1.0392329324170162,1.0,1.0,0.6053369418758817,0,-4.108202599501085
0.0,-1.8380708447805314,0.0,-1.6006659031305996,0.0,0.0,0.9205365869005102,1.0,0.0,0.39771269278910176,1,-2.639090063002242
1.0,-0.9560840300236684,0.0,-1.1923913126761192,1.0,0.0,-0.8823725892913155,0.0,0.0,0.2462207096768434,0,-2.294328033221735
0.0,0.17485539639342806,0.0,-0.4460882141928687,1.0,0.0,-0.5304678833393197,1.0,1.0,0.4462946761020704,0,-3.6210045789815313
1.0,0.21210778576132536,1.0,-1.29789834772834,0.0,1.0,0.49298631132541076,0.0,0.0,-0.26511743145691946,1,-4.535081911937737
0.0,-0.18113650364784428,0.0,0.4752077225776936,0.0,1.0,1.284729866330666,1.0,1.0,1.428627864981987,0,-3.904013406184192
1.0,0.42631676593203754,0.0,-0.06732761252671808,1.0,1.0,0.7812582345980507,0.0,0.0,0.13493939186355955,0,-3.6777879023190354
1.0,0.8894030727523785,0.0,0.538147040503414,1.0,1.0,1.4127516929896626,1.0,1.0,-0.22956877520571384,1,-3.52777924779845
1.0,0.9899972145734742,0.0,-0.5425665901322259,0.0,1.0,1.1512176581810425,0.0,1.0,-0.7105253736997605,1,-5.002573940073404
0.0,1.599676560124765,0.0,1.368309465470529,0.0,1.0,-0.9984915825364544,1.0,1.0,0.030113478854667954,0,-4.652643223213565
1.0,-0.6006326465637375,1.0,-1.1177582418429481,1.0,0.0,1.1637046221190597,1.0,0.0,0.7524191837914025,1,-2.9878678832435392
0.0,-1.7350078025420177,1.0,0.9014310190319741,0.0,0.0,1.5453463408285393,1.0,1.0,0.45612620130907267,1,-3.8435802722382735
0.0,2.2213878935806024,1.0,1.6941064637508743,0.0,1.0,-0.3763780398041987,1.0,1.0,0.23943272268679977,0,-4.957853851928261
0.0,-0.1916213352698571,1.0,-0.4000245700954221,0.0,0.0,0.11972039188221022,1.0,0.0,-0.28149854376522165,1,-3.7794071997562626
1.0,-1.881137001287939,1.0,-1.978047592021549,1.0,0.0,0.4748228970324308,1.0,0.0,1.100788964573475,0,-1.7106676987878213
1.0,1.0466583658265205,0.0,0.4690128178978854,1.0,1.0,-0.15656470878317053,1.0,0.0,-0.19807042626213783,0,-3.2326016839090004
