trial,ate,se,bal,ss,ess
1,-0.3708321571095987,0.08445859680192924,0.029360451015235923,485.0,357.9494350212669
2,-0.4113987249964359,0.09210665020164387,0.03051084574948102,483.0,298.0042499227594
3,-0.42942142965070396,0.0944426303142473,0.03221942349275386,475.0,310.6917336840752
4,-0.43469557653901525,0.08880590933419075,0.028821963418233655,483.0,324.32470301996744
5,-0.37971600238265024,0.08643153193296237,0.031113818680000817,483.0,345.7787190340939
6,-0.3344004187092322,0.08444699248307187,0.02968935222970562,491.0,366.95859283123366
7,-0.3774846881130829,0.08608718892264691,0.03249849336686312,485.0,322.9335813067951
8,-0.39197531541146,0.08438108952648957,0.02969768258258832,491.0,345.2843246162963
9,-0.45345522522148807,0.0882066358163144,0.027571678766115087,487.0,341.27698928097334
10,-0.4357222109920236,0.08358772836502296,0.035149166699300065,480.0,336.55144003085843
11,-0.30415113439556407,0.09375665918242333,0.03205645272046382,471.0,313.09930585113347
12,-0.35092686442878707,0.08624931426365595,0.03112474470133287,487.0,340.54899798958445
13,-0.33903704792444866,0.09061219350488069,0.030130547863355266,475.0,319.6533922512748
14,-0.3964951050665211,0.08448947661526668,0.03182680509766099,486.0,353.84158529636215
15,-0.40128325317080726,0.08374716540820869,0.031141207541268118,489.0,351.33602646217196
16,-0.4072559223167289,0.08918934071778147,0.03373994307793582,478.0,337.4308054666542
17,-0.37965128898925515,0.08725807221431328,0.03019424743761784,487.0,351.78105221709404
18,-0.3895704137996927,0.09089896512608672,0.03220507289375921,479.0,316.124355633116
19,-0.41947310440182983,0.08757233137564173,0.030097967376885554,485.0,337.39157926734845
20,-0.3920215403373679,0.0872845656016862,0.028860330482684608,494.0,323.74191870861426
21,-0.41200270186244525,0.09168943843400053,0.03194126152717774,477.0,320.9415636410413
22,-0.40250896798650704,0.08780810840184791,0.030040317920950844,485.0,319.19501321160215
23,-0.3161640012622424,0.0841648772976862,0.028457634504162443,489.0,353.14359289883305
24,-0.3835281490452207,0.08371193355699891,0.033119507026945126,480.0,323.29911352820716
25,-0.4157841973243488,0.08808959558733787,0.026100270040813497,492.0,331.8785845517074
26,-0.3926566517598604,0.08663176434914795,0.02987306391844984,479.0,345.6426824244793
27,-0.387440149896777,0.09716949550656956,0.030507034397023486,469.0,324.69509625077194
28,-0.3726801806572313,0.09025917843656465,0.03578418918030967,473.0,334.4646263351301
29,-0.33479442347918686,0.08272700294295024,0.03074115894871613,483.0,349.1720352644279
30,-0.3612983003640391,0.08480813062505684,0.033822338264869974,482.0,335.4909658498958
31,-0.3571742267699869,0.08781061002272443,0.030589937957692003,487.0,327.2900737956424
32,-0.4134361810932248,0.08017081352887626,0.02937579236899733,495.0,349.04660440197654
33,-0.37575667696212545,0.09321207767605183,0.034259614528006396,477.0,314.65249131085676
34,-0.416041688587796,0.08742824637177997,0.030784756250945542,495.0,343.73184244532666
35,-0.3817557389764077,0.08884646252463932,0.03065849766746424,480.0,328.42443113289164
36,-0.3836743235295339,0.09159722836971515,0.03446811937985691,471.0,309.5662666350655
37,-0.4240399707645275,0.08239284784230494,0.02904694374888386,486.0,342.14267595666945
38,-0.38168058904075197,0.09170593080659618,0.031696754084561136,479.0,335.59953763204726
39,-0.4106723300264048,0.09262703576772967,0.03156829763812248,481.0,313.33628053410587
40,-0.34986650947414644,0.08563904938288865,0.03171641291720047,478.0,315.89942770994315
41,-0.4049872557738601,0.0910607123520922,0.034038340906409933,466.0,306.031242835729
42,-0.45090609564731254,0.08956011004941067,0.03544299583605862,467.0,299.88961544325275
43,-0.40933864782819374,0.08957640854426231,0.03141345734730374,477.0,335.96539428193785
44,-0.37467071842338306,0.08871962089311583,0.029896252942299906,486.0,355.52985218806
45,-0.40808765894438226,0.08622436707698462,0.0338052572544294,475.0,314.7078530841737
46,-0.4391452388454886,0.08488557974272068,0.03382849561401763,481.0,342.57915291270615
47,-0.42772403407687465,0.08949356660599775,0.031530395655104314,481.0,346.30173190311143
48,-0.41389872124326166,0.09048299422138763,0.03239385412529309,480.0,323.6061045764418
49,-0.3979941859070806,0.08686008002435398,0.030399901366896923,482.0,335.1064492985242
50,-0.4056167577722585,0.08406935797489645,0.0293400018382594,489.0,338.5501069319947
51,-0.3952961077553492,0.09194740426274453,0.03218461949448613,479.0,308.0820943114569
52,-0.4260472802745152,0.08810938653946689,0.03464729554838634,466.0,310.099876614899
53,-0.3483811308482663,0.08304558112807929,0.03183188821327811,495.0,342.7725687307992
54,-0.38799032163601943,0.09020041314455694,0.03192907106934455,473.0,320.64777283542503
55,-0.4251341180252104,0.09203455716152976,0.037527022956076954,463.0,304.05373614620004
56,-0.3900565362777293,0.09318603826034014,0.034560155398535,458.0,305.06219014867247
57,-0.4274973267527482,0.08552983757408204,0.029539703826341142,489.0,316.14848401657116
58,-0.40793207786572694,0.08859893084499765,0.03666082745559831,470.0,316.80696915204567
59,-0.3581737118165944,0.08636429064340628,0.03043004957632453,480.0,320.61071018123573
60,-0.3989777985827474,0.08621450838067797,0.03012033174019277,476.0,334.7746115464819
61,-0.41722025095922266,0.09270764907097358,0.02917755549372471,478.0,324.6402597547914
62,-0.3554836187813222,0.0900117933049869,0.032727201655244266,485.0,302.9060575423718
63,-0.3998785235769513,0.09002006251446222,0.03203761227609756,467.0,328.028655197386
64,-0.36070921555755664,0.08698772212965633,0.03577060720499838,471.0,292.3312369723937
65,-0.375398596703155,0.08766606434961344,0.030662265755938733,483.0,341.07655735245976
66,-0.46511119015934765,0.09441359218058434,0.030908871611715568,492.0,323.2914725553154
67,-0.38295354936603676,0.08927950912453972,0.026624532517885376,484.0,336.3528069284672
68,-0.453743024347685,0.09030975462721269,0.03367278434882487,481.0,299.5092849143115
69,-0.37878307558894697,0.08487497247664857,0.029194151759677926,490.0,340.16490007109326
70,-0.37333345632213577,0.08982855672022436,0.029209427472098842,482.0,332.5555091266458
71,-0.4106117999516439,0.0823468424648168,0.030398444497275714,486.0,346.67851945558914
72,-0.36952708903296916,0.09529679897801828,0.03582382489727739,477.0,332.9987445773225
73,-0.318996328912708,0.08878595414448075,0.03291209406225099,480.0,326.056360661874
74,-0.4318089902103419,0.09009636623269862,0.033866089810475924,467.0,314.8958933355533
75,-0.3626395635719195,0.08614490563513026,0.031776779816410444,482.0,340.3194693286986
76,-0.3108147382049764,0.08624524494535933,0.029732760430250835,483.0,345.70159228793796
77,-0.4094460230207928,0.08613608978607848,0.03158015202758424,477.0,333.2865940253166
78,-0.4003784059447608,0.09151449668884433,0.03410136067273565,481.0,342.49323373553307
79,-0.41483162452170586,0.0933829480832802,0.032229138749907196,474.0,327.1304750000302
80,-0.3986094653902952,0.0957481937290103,0.03617045794274554,473.0,299.96507252520485
81,-0.38462549656655787,0.09000058129805756,0.030671328280100548,492.0,338.5187678631201
82,-0.45062588442233986,0.09085195646871283,0.030641610895952232,480.0,317.62844454835147
83,-0.36914757555232214,0.09086311605954543,0.031472196311068956,478.0,338.4839319991721
84,-0.41654497906086485,0.08516682056101342,0.029885291832274462,485.0,343.44997375262295
85,-0.4181309100828292,0.09047799918323081,0.03296676228819533,478.0,318.9574863388559
86,-0.3967467312185584,0.09597170316584731,0.03694412902864978,474.0,293.11477841850103
87,-0.36206372975856915,0.08625164313369735,0.028871777964922813,491.0,347.61553763801226
88,-0.40280230050832877,0.0940930171636749,0.03446570872544359,459.0,294.5544344948868
89,-0.34965555594921005,0.08507613809045166,0.030638954718500883,491.0,343.5603639303548
90,-0.43588325075217593,0.0834796524327035,0.028721182383239795,494.0,368.1687334133877
91,-0.4443761482716422,0.08527990844010006,0.030946372848844238,480.0,333.19002601504917
92,-0.3791385189553491,0.08772064306639774,0.03708676751937508,470.0,316.473864934437
93,-0.39358276974592865,0.08815208379026214,0.02929196204042413,482.0,319.75917467482054
94,-0.3955576399043945,0.08701098414859645,0.029551916632525016,482.0,333.70772529145415
95,-0.3094333405496865,0.08589390050501136,0.033141544707412846,469.0,321.5650065065951
96,-0.3664902717501537,0.09341993687578694,0.034644185617953356,478.0,300.25051910957234
97,-0.38748754376859873,0.09019163898251396,0.03284078212732463,472.0,306.38074870219293
98,-0.4476596346283599,0.08749110057465617,0.03568067894101616,469.0,309.9956445784569
99,-0.39806132849903353,0.08679483041619737,0.03210137268229136,485.0,327.21220965976727
100,-0.38324909576889654,0.08767617031032832,0.032781980319516096,484.0,329.393034760101
101,-0.34085403544312154,0.08587266833671972,0.033046100931523895,484.0,333.0536802578327
102,-0.4175810998776637,0.08750666070765455,0.028124638999889366,488.0,340.75177161785257
103,-0.34987740119724764,0.0961304501994726,0.03240631166285611,459.0,301.75628926491873
104,-0.40266540218621616,0.0904917771476563,0.033375291762944216,480.0,338.639253004084
105,-0.34604618829516465,0.08795718333558906,0.03062053615229909,481.0,347.0474917792091
106,-0.33158834438938234,0.08878169077920427,0.03038901391108905,481.0,327.533326395327
107,-0.4366496490714229,0.08230003023602385,0.031068697340944498,483.0,346.09288746079426
108,-0.40448619298373556,0.0810226395197555,0.03031221347299341,492.0,371.1171470496332
109,-0.4434681053383347,0.0871389136655795,0.029817613295125216,482.0,352.4454447161332
110,-0.40004962247760467,0.08869185912104892,0.03427727679122664,482.0,328.87068804193825
111,-0.38560477091846845,0.08615632088280974,0.03435297375543706,478.0,325.7644251386921
112,-0.29393786927903065,0.08436695227866522,0.032433077880313105,488.0,337.34185908121805
113,-0.4618093335569551,0.09044485155123623,0.03178273783200805,478.0,310.0990164011904
114,-0.39658607080800845,0.09066766948268656,0.027861508241445485,483.0,340.37766554926196
115,-0.31914540069455066,0.08379880827226603,0.0318168924040816,482.0,354.27379793662664
116,-0.4516650451753108,0.09176989289800083,0.030543329786492265,462.0,314.86897187921977
117,-0.385602514243371,0.08568654448336455,0.028931608074671798,485.0,356.4473145327105
118,-0.3578496398110098,0.08565682941795977,0.02910406327410813,489.0,326.71315956624596
119,-0.42189080426797076,0.08587740936056569,0.03024146248564865,485.0,341.74218035132526
120,-0.3806144511334706,0.08493251103372579,0.03284964195130027,477.0,317.02929383173466
121,-0.4455640264592944,0.08789758780698444,0.02944708439431257,477.0,340.3255420323092
122,-0.4137645833214445,0.08015676792524912,0.030235910305041948,479.0,335.90358774654527
123,-0.45795300416391127,0.08132400673437663,0.036148396216095016,480.0,314.9662469576999
124,-0.3391215985555247,0.08855514683455885,0.028011902801816,491.0,350.7874550179687
125,-0.3586239494498664,0.08678519378410254,0.030066293396584506,489.0,355.5251209355509
126,-0.3352120995182335,0.0899140488527009,0.028156163078479044,481.0,323.33270275510984
127,-0.40713239316711514,0.09371525757545254,0.028054945961459986,478.0,330.314632164062
128,-0.3837422069165579,0.09433932074568104,0.0339936539007506,475.0,308.44437598121056
129,-0.474300873076801,0.07902615602085876,0.03300315959754204,490.0,367.6334121531059
130,-0.3485534279953386,0.08579994187816822,0.036274920722456166,470.0,313.6047656453502
131,-0.430085461313765,0.08959214086781832,0.03316474436279198,474.0,318.89152847005323
132,-0.3361867959425573,0.08964575896629379,0.030367022293121288,481.0,321.75803505691755
133,-0.37214136892846916,0.08704530767823308,0.03106380209819572,481.0,326.13132177644707
134,-0.39163800038075625,0.08650656547639116,0.0334679196097898,469.0,322.17642563922186
135,-0.3623124529835273,0.08907117768393004,0.02906688804402848,491.0,348.9110552137893
136,-0.3705008341621441,0.09133508744910503,0.031903927346120485,471.0,328.6574283163757
137,-0.3844264938857025,0.10069493105307659,0.033514069263306835,472.0,303.59455927952894
138,-0.3407408733224595,0.08842733181732766,0.03547320159348982,471.0,328.52338567324523
139,-0.4055359270501966,0.08453361823684742,0.0315778229293075,486.0,337.71234950678036
140,-0.3454620888173938,0.0842071143503673,0.029781066622701854,481.0,328.3535398496838
141,-0.40166551352573787,0.08675884635307518,0.03261852837624542,476.0,331.26102015595643
142,-0.37479184436428836,0.09289989462826456,0.03443067913729538,468.0,305.3384871954354
143,-0.4306380570495194,0.08787601880366482,0.029719407759560227,481.0,331.1684030728952
144,-0.33834385782922194,0.08740302553807605,0.031834736453035424,480.0,334.5909893974974
145,-0.36634090594876856,0.08528214186534737,0.02781997685190853,490.0,364.60339922878256
146,-0.3272575961299462,0.08850062803591208,0.030779466766286134,469.0,318.41949591546745
147,-0.3748715404770482,0.09151375162810572,0.029766169890715715,478.0,320.7761603115232
148,-0.42761322909337807,0.09142320922042772,0.03237730915018739,478.0,317.37658968609674
149,-0.41369529758009627,0.08794906627697774,0.029379046130448755,483.0,323.4953456314538
150,-0.36360342378778654,0.08552343432587663,0.030003022734304795,480.0,327.0647141245887
151,-0.3670192385021256,0.08447419277495029,0.030725236441504412,486.0,323.21499094810434
152,-0.37263346653506746,0.08903676658390428,0.032157853597478116,483.0,312.6947047509879
153,-0.41558015048501407,0.08866626323029236,0.031227534500605836,477.0,336.81546711197643
154,-0.47202585018955867,0.08951979844406066,0.03298855541313608,473.0,299.15164784036676
155,-0.4111309851815328,0.08637497661981416,0.03010379432294975,484.0,342.36815653327596
156,-0.4029003135636562,0.08724716466169496,0.030939981600483925,486.0,310.7329544097721
157,-0.4373079028011819,0.09620134284976549,0.028848955755114123,472.0,315.45130322937496
158,-0.3756334441354432,0.0819058115078196,0.027859543833337358,487.0,364.93648661676673
159,-0.41510254101719557,0.08384729566266137,0.03387335613295311,467.0,314.3114290244224
160,-0.37172390744099904,0.08468557265143184,0.03154822090890437,483.0,348.04149344978475
161,-0.4040977304500042,0.09151082545536246,0.03161056919553848,480.0,324.77133094871544
162,-0.42210099469195583,0.0828357700735247,0.03323309398765036,484.0,349.31028206951714
163,-0.4258801407485411,0.0915966125696825,0.031031620441938055,480.0,296.79078323795045
164,-0.322526430255456,0.08895052091808944,0.03677725354893289,475.0,319.71162387169284
165,-0.4673671584732073,0.09041240278630701,0.034505881526145955,479.0,316.98774623878563
166,-0.45182330872371246,0.09352379654014503,0.03234842181261236,480.0,312.8793405164654
167,-0.37129012340080214,0.08999774089105636,0.03222898039598332,478.0,313.30978228910317
168,-0.40121444994089606,0.0947731733789466,0.03539753008434946,466.0,290.1673161838556
169,-0.4233232672086089,0.0843298896343632,0.03282721494885005,485.0,335.8526497961459
170,-0.39455765090913486,0.09182641284727665,0.03745731093988282,461.0,298.33604097812974
171,-0.43000209803840406,0.08775348507535646,0.03131595496785942,485.0,338.3849465298308
172,-0.39091709720715784,0.09416095064544387,0.03171174171253222,482.0,329.341508062046
173,-0.40125995673109927,0.08316632570125332,0.030896878460617883,489.0,351.5190086886374
174,-0.4092575296396306,0.0853551290668465,0.03248914177790433,484.0,336.56870352653596
175,-0.4252008045384117,0.08911837513547395,0.033807671081237195,476.0,310.7498837035042
176,-0.442668433587333,0.08732020976849458,0.0321997102652421,483.0,333.33217364245223
177,-0.32241222579781903,0.08502858564105745,0.03328109992573708,477.0,328.8269481322115
178,-0.3842852607722933,0.08854513231006747,0.029987882331771062,482.0,331.38685157346765
179,-0.40067905656654057,0.08578422023749172,0.033541471312716994,481.0,331.43219230803413
180,-0.4311897690883866,0.0797920890591236,0.02885426207501862,491.0,336.42798330761934
181,-0.443430173440726,0.08667071147810049,0.032993851868425614,485.0,340.61427902290006
182,-0.35668283412225765,0.09503857181330214,0.028381017276901295,487.0,346.35623491928357
183,-0.37870494809836464,0.09614322051661245,0.03258549692323524,470.0,312.46419687552526
184,-0.4725134926429977,0.08537700033957132,0.0328932892747942,482.0,342.4243564242643
185,-0.4091681372626512,0.09052785520245012,0.03126581148460034,477.0,327.5560169342164
186,-0.36645185896699894,0.09588207477591863,0.029674467469320724,470.0,319.0752242215856
187,-0.3741929433793625,0.0822500979411319,0.02962514423227538,496.0,352.79709670952616
188,-0.3702694418002799,0.08955000912498076,0.033698662168883904,471.0,306.8287137676024
189,-0.4112034113415963,0.09212219935820602,0.032258789856517964,481.0,324.0726557106633
190,-0.4475938296899855,0.09098154550786638,0.03187373701270953,473.0,313.31072707238604
191,-0.3441009708313647,0.09067642119510194,0.03218589053406382,467.0,313.80862430351533
192,-0.3512399281189853,0.09393278966907065,0.03527244671756431,453.0,300.73203261409446
193,-0.3291417710643363,0.09398178006157698,0.031676677516854976,484.0,303.2977028238547
194,-0.3709006224549922,0.089730022002849,0.03219556802516315,476.0,311.1200051705771
195,-0.39371539564940417,0.08710818595124868,0.02823241639458175,489.0,332.4139340361287
196,-0.38738546101682214,0.09155842935764813,0.03377758896026398,481.0,349.0278295882891
197,-0.430523250458561,0.08741394962077727,0.031968141677361166,485.0,322.38356785691366
198,-0.4199813772553549,0.08876862433924343,0.032082925995245724,473.0,334.7944401848422
199,-0.43030012038204735,0.09109731103392797,0.03500532602403608,472.0,304.03443887605454
200,-0.3941962589033414,0.09890559307272703,0.034454219077305004,466.0,305.28963431033526
201,-0.48195034221315414,0.09092038838774073,0.028731281933728207,472.0,326.39649707828187
202,-0.3979879855220467,0.08431288704434792,0.027820578106550184,491.0,369.7547402064897
203,-0.39129316836657546,0.0891879162455631,0.030290635835764232,488.0,346.17971530320654
204,-0.37311574452627916,0.08697127894614474,0.029760536011378083,489.0,346.9862826049176
205,-0.4240434043513721,0.08799458574704844,0.03614514965680661,477.0,307.7191368645775
206,-0.3559757272873445,0.08957960046494795,0.0337825457495044,484.0,330.8653627344483
207,-0.4525814046431851,0.08469514616881238,0.027529109374546865,487.0,357.2699106451531
208,-0.40931335100205546,0.09377257921760322,0.035067186044368814,466.0,328.6946200171332
209,-0.3730044753019883,0.09429604340626525,0.03347711767687725,471.0,318.1325069258894
210,-0.4091747989605601,0.09231614620251122,0.030410662901447026,482.0,329.0706609296062
211,-0.3602426499832849,0.0873056522020501,0.031646476897538314,487.0,342.25495422178903
212,-0.3861427723729225,0.0913532768571611,0.03452783214782269,473.0,308.8156093108137
213,-0.44995457942345496,0.08967185939131693,0.030278698795582242,479.0,316.4686475465344
214,-0.35923650764601955,0.08651025410906248,0.03082331775180907,476.0,305.2244492878684
215,-0.43305548888708945,0.08638772187378303,0.02809633010808252,485.0,345.17312005267627
216,-0.3951894237590987,0.08285221276724641,0.029433930877874912,489.0,344.43954891428893
217,-0.4614028240153947,0.08876925567499673,0.03362687981918915,470.0,309.9144083764313
218,-0.41236767177160116,0.08797068013305127,0.03094180319816353,479.0,307.92076599373223
219,-0.3374187484408906,0.09280124334318941,0.034147002420045244,467.0,303.3845818733638
220,-0.326987787874653,0.0883773589572457,0.03870969084976892,471.0,309.28577459357194
221,-0.4170578566221419,0.08155963106505104,0.03049755515601341,471.0,336.70853163005154
222,-0.4368396726198891,0.08988476739955688,0.027786948148974984,484.0,353.45031667031253
223,-0.39558366959534474,0.08933377034953127,0.027784872273890357,495.0,344.07360613307833
224,-0.40700749633860944,0.08694999420546697,0.027989170543967296,486.0,339.49273372164305
225,-0.3947712446845335,0.09691365669111096,0.03536521444545532,470.0,304.44727091124605
226,-0.3642514520170499,0.08803762614942343,0.02707846020037388,487.0,332.6153295531949
227,-0.4065644830834776,0.0927365148163777,0.033771492893247566,475.0,310.67773163237473
228,-0.3939548128343904,0.09461789345493034,0.030688578808400743,468.0,311.9660488139204
229,-0.3978033129346721,0.08629951715000733,0.03167834945048046,476.0,330.8042235926224
230,-0.4444973601659985,0.09343332476298404,0.03339908945069768,468.0,307.7066259644748
231,-0.38162562540463885,0.08402289284805821,0.033007249712366085,479.0,325.3111734411068
232,-0.3635269761133384,0.08418939839193885,0.02876613060208244,490.0,342.7476376227586
233,-0.43868065033150616,0.0915549572251301,0.029166531611841243,482.0,337.34757343050563
234,-0.4178593541277569,0.08684200517981963,0.03705325443336434,476.0,317.7280356987197
235,-0.3913032422313276,0.08987964540082176,0.028442068973418846,481.0,328.52309354654665
236,-0.3642616917284913,0.0919190661058999,0.03389307122991273,471.0,321.8396322583886
237,-0.40881553998581444,0.08826650840077663,0.03086800784049646,475.0,310.62038511212995
238,-0.39364886819612144,0.0917202831084308,0.033773990863682796,471.0,321.628005610606
239,-0.38933316364511805,0.08732073553305135,0.031099817226883777,487.0,335.5488516583339
240,-0.4118598668995017,0.0896209245651678,0.03382134339772883,482.0,345.11871026806
241,-0.3727149398890859,0.08120124648563637,0.031676834495383145,489.0,353.1729737434264
242,-0.3825225830311374,0.08983840304515742,0.03332139238784177,476.0,308.13225626358906
243,-0.38903183355807647,0.08366738386551113,0.03291590167057581,480.0,332.75429450677353
244,-0.3540145409466309,0.08636289726341854,0.031613932964558666,491.0,329.0950442375101
245,-0.3861506596277775,0.09403870372090921,0.03491136299607494,484.0,319.513560335383
246,-0.39513661550461743,0.09430083932842687,0.03154776791712471,477.0,313.17913745748365
247,-0.467927214629114,0.08992596889271998,0.028242609626134896,489.0,327.2273210183271
248,-0.3739427525152288,0.08681778769193021,0.03234767398874278,476.0,335.0445106653513
249,-0.38884689883887,0.08604704121375036,0.03314045670104105,477.0,328.47304625301433
250,-0.35215813454997535,0.08890241043349928,0.028981114475482905,482.0,325.6131342880871
251,-0.4055257079990877,0.09416486428461417,0.033141040443644805,470.0,295.5818292380771
252,-0.33604560249837245,0.09047633378961956,0.0314576354427692,485.0,331.61240116004524
253,-0.3309106215145059,0.08351563166070886,0.027743769650664038,488.0,351.1140550331786
254,-0.43109446768933557,0.0889639292820798,0.033052654910519126,469.0,309.5721223499002
255,-0.38345710291074075,0.09514730639359069,0.02891326873644865,489.0,323.58809477208536
256,-0.42635557355335507,0.0884130329484368,0.03148090564340157,480.0,336.06990646272095
257,-0.38413595401791456,0.08428465358379261,0.03293590223219721,475.0,334.6562849164379
258,-0.35890801230081815,0.08374546045558962,0.030051648239809835,493.0,344.52355867580496
259,-0.3790911122978655,0.08811964604418043,0.03952672353033431,467.0,318.0222816663114
260,-0.36341361230589797,0.08968313606240444,0.03000246597403176,487.0,331.2246615752656
261,-0.40119876270863797,0.08826151375907984,0.02829764028640862,482.0,350.91088604574804
262,-0.39280664929263054,0.08480735378966908,0.032937725992922266,476.0,322.89000738396976
263,-0.4266166782823868,0.08707083494170047,0.03132032758191106,483.0,339.05282914328166
264,-0.40169962426667993,0.08306865522535313,0.03026283840817845,485.0,336.8492344680612
265,-0.3713966413817986,0.08870701021715263,0.029527070738295913,489.0,335.47502007871265
266,-0.3272221438116989,0.08959834428649702,0.03205768537033303,479.0,332.35565647986806
267,-0.35199665084651954,0.08605214191468652,0.03210075792929216,480.0,318.97059576430917
268,-0.44018387937010095,0.08613561475840265,0.03302238627410036,479.0,331.5744611187027
269,-0.34139482075841165,0.08801773747713246,0.03065806348122927,485.0,329.9037083195882
270,-0.3365705930851357,0.09036089676166313,0.031663323806577146,481.0,330.9931746057539
271,-0.436242182926327,0.09270622595195985,0.030049235220641624,483.0,320.0517707784362
272,-0.32712072193919983,0.09844463887848569,0.031105667562161408,477.0,315.1024685771846
273,-0.37269428793698456,0.08722772150662514,0.02907230506556819,489.0,351.26784515119107
274,-0.339476879280705,0.08591808630337663,0.026786202513909264,497.0,365.86296203273446
275,-0.4256921017301347,0.09546823691355884,0.038488143491786364,459.0,299.70379240710696
276,-0.39199650306396405,0.08451376364011433,0.03140918489499982,488.0,346.12127322762717
277,-0.3602198536783012,0.08528542357427744,0.03054369409508641,481.0,347.1071267499626
278,-0.38318314806862386,0.08389122050647357,0.030301888670359857,490.0,333.64582295909474
279,-0.39967567802880266,0.08209990576233231,0.029362068659156033,486.0,346.41522111655433
280,-0.4502864741906456,0.09560146058618611,0.0321483516456322,476.0,325.8998116372785
281,-0.33890209148988326,0.08896720743104485,0.034981916785093256,458.0,298.11006002265776
282,-0.4098126465954377,0.08866595827787219,0.032506184616547015,481.0,307.5938448161899
283,-0.4217432138302728,0.09072429855523488,0.03509046374910521,483.0,315.9309370140328
284,-0.37588238451767975,0.08985217540794525,0.029547435353085655,482.0,302.8259637185392
285,-0.4034372220741691,0.0898562897941463,0.02684341987022342,487.0,358.87920002830737
286,-0.3763847484667573,0.08796852132193576,0.03202913687909116,482.0,312.7629052831979
287,-0.3531847998321269,0.08546624302077303,0.028862142464377207,486.0,332.4607664044005
288,-0.33677019897853366,0.08219713672234853,0.03119856609873551,486.0,343.14652602336326
289,-0.3933799659635411,0.08444398456605563,0.030935337375357655,488.0,340.32503727601875
290,-0.38964007976517756,0.09156321347970992,0.031027214747995958,471.0,309.1513470685652
291,-0.35022446181426226,0.08885287730220232,0.03043051691598353,481.0,343.6566629495104
292,-0.42717101826098247,0.09202684177463223,0.03291340009214801,476.0,314.2220444091238
293,-0.3997331250843521,0.08921705114467551,0.029761432023529526,476.0,328.5413580917155
294,-0.3957378676707788,0.08953806020324825,0.030401193268961332,485.0,345.4287986654406
295,-0.39333498036492465,0.0818055777842679,0.0280102259405552,493.0,357.7270268108026
296,-0.3400979731713405,0.09377567715248626,0.03215706793434743,473.0,317.315001858639
297,-0.3951239360393721,0.09082066122471391,0.03392832576719092,463.0,310.27948331008974
298,-0.3729811515427284,0.08917010819723914,0.030732978015117148,468.0,320.49981162169365
299,-0.48212198583996235,0.08611270219724852,0.03192772163986506,486.0,349.44579111288283
300,-0.3812629604491029,0.08931056770564379,0.031510306691695945,486.0,325.5100454980225
301,-0.3819826304335514,0.09327812052834551,0.032496481476188784,483.0,319.23615098224093
302,-0.4256030256618355,0.08682768312244105,0.031456659418499684,481.0,346.2292111296241
303,-0.43391947331579805,0.08678467245192555,0.03311760844845004,477.0,329.15607835135614
304,-0.31547898709691413,0.08489144692191745,0.033263527039694624,474.0,314.4881595192948
305,-0.389907098035823,0.0865146234632378,0.03116439942390632,486.0,331.8287428987643
306,-0.3867274967648604,0.08778093813828837,0.03472108470579684,477.0,326.84128560340787
307,-0.3686092862085748,0.08766017950199591,0.032428345940022,471.0,328.3960678657637
308,-0.3331488088033092,0.08717406071815574,0.030372335357867666,485.0,335.2314905528781
309,-0.3884821556532576,0.08866744032272963,0.033132032897791534,476.0,322.8574994293993
310,-0.3613009826874132,0.09616250450097011,0.035363688126928645,463.0,303.3727565137515
311,-0.3872210390361408,0.0940387312949658,0.029531595436145388,480.0,320.5193209687659
312,-0.44858052853914954,0.09173303979320052,0.03228794216880189,479.0,325.6775862227278
313,-0.3691974474659898,0.08576211544396846,0.02837632816587138,486.0,354.1185688390284
314,-0.42380159593688527,0.09327965748381548,0.031978827725594156,469.0,304.4425159876589
315,-0.332280122713859,0.09253409330667255,0.031155945030783873,479.0,340.27140497367094
316,-0.33066539238505577,0.09191517818078518,0.031424984613791306,489.0,336.4540327123375
317,-0.4095503537544589,0.08312233671241953,0.0330552889883817,489.0,326.6796687601528
318,-0.40218336909445096,0.09351960558836629,0.03705093084755513,458.0,306.16959725606887
319,-0.38352194577871135,0.07973237039570318,0.031214665701071044,487.0,349.25220154238764
320,-0.3326987421593053,0.08492650842789416,0.03339980089616352,480.0,336.76540910217255
321,-0.33803271552910896,0.07846601285388695,0.027459213213028553,493.0,367.49619895690455
322,-0.40133676526015494,0.08947169450363053,0.03076721947341897,475.0,325.3734677240962
323,-0.41926339168529303,0.0892138328464102,0.03194225334137275,478.0,309.02052345133166
324,-0.406789985965879,0.08589623357860457,0.03241311221801703,478.0,350.0948450285114
325,-0.3518956317294277,0.09822172012908455,0.034933381290105814,471.0,321.3944695390553
326,-0.3730549682598636,0.080318985214014,0.029940453207690423,488.0,332.7463334232197
327,-0.36555667317468465,0.0864812568165469,0.03265813012145094,484.0,346.5088211253875
328,-0.34115519906212066,0.0872896170721196,0.03176847374049647,491.0,333.4659897552666
329,-0.4147678427913295,0.08718961006702865,0.03729170747812477,474.0,312.3599853313524
330,-0.3962480637685357,0.08391647950724529,0.029082381745320077,488.0,335.834334907594
331,-0.36277291917575427,0.08090252955585787,0.027470465365347974,493.0,371.5246189431089
332,-0.35310193840144644,0.09169826761332632,0.02850525499397685,484.0,329.56925568412055
333,-0.4446744710283599,0.08490509145595469,0.03543773561812702,471.0,322.97400740648504
334,-0.42319676143367335,0.08607683477241415,0.025658506917934518,489.0,359.68306495814466
335,-0.3938889652465547,0.08518706427955787,0.03078971848686131,486.0,347.31502714538556
336,-0.3427088173110473,0.08919386111128794,0.0318150372901255,484.0,311.8673995558005
337,-0.392966726694592,0.08353314152343692,0.0324964602934878,483.0,331.4838343860871
338,-0.3577163159548373,0.08930208432177586,0.03456731358344555,481.0,335.71698877507714
339,-0.4199482809162607,0.09092239459356638,0.028785930065740303,491.0,330.8256465233917
340,-0.37652090838880525,0.09412766352683984,0.03494794951849942,465.0,297.2309068244032
341,-0.4342539230739959,0.09464480804535602,0.030464965571428877,474.0,318.1017645389799
342,-0.4319864832654896,0.09357504746925321,0.03268997419108957,480.0,303.7026077668237
343,-0.41291668018717953,0.08696189703537315,0.0306398759923801,488.0,335.19523716951414
344,-0.41785233208043593,0.08889116691294922,0.031241404743556363,466.0,333.6927171238965
345,-0.4662468862966658,0.0878048502488858,0.02857888832317093,489.0,329.6297781998318
346,-0.4105201957713791,0.08975979629203762,0.02911844652597866,480.0,319.10645243335017
347,-0.45578933645349906,0.09211153074229848,0.03147004435159328,483.0,322.7888054689226
348,-0.3359999985389073,0.090948565012472,0.0325186009525783,470.0,307.133651484168
349,-0.418367785118404,0.08818421155621274,0.030525943409195868,488.0,359.78877437216954
350,-0.41560608413101896,0.09143069486757349,0.031066032764356537,478.0,319.3740334390215
351,-0.3723700624057291,0.08486105265112823,0.029409096942561812,491.0,337.7039309847004
352,-0.40560516337171926,0.08662983456417067,0.03593478864368774,478.0,324.19986974254107
353,-0.4115910934920026,0.0871522231340441,0.03170270657382982,477.0,340.0471947047425
354,-0.38972632502190274,0.08735642128895418,0.035692134807435646,478.0,293.9976242596741
355,-0.35537364088431245,0.08845131861480851,0.03067772372899839,487.0,324.32096205551227
356,-0.4032767775132138,0.08170718773382721,0.029124805989374804,490.0,375.19649866093744
357,-0.35338028276061584,0.08461193363930707,0.029918576478389098,492.0,347.01880488492714
358,-0.43979320857355075,0.089214707978039,0.030181727755565005,485.0,353.5039487617338
359,-0.43195355254053913,0.08178059315321266,0.029280127020214094,483.0,339.1332746680096
360,-0.43753517780319706,0.09297176532457947,0.032296432580008146,471.0,313.04325930793607
361,-0.44833108741310923,0.09502509407039164,0.03323151479048094,461.0,290.60184978686004
362,-0.39808521603349734,0.08768216172959147,0.032978640693819054,476.0,330.92669372326395
363,-0.42430266577961406,0.09058476547078635,0.0348482374877687,474.0,306.53250637850465
364,-0.41211027288251323,0.08729742387670403,0.03121100735875979,473.0,329.43176378675184
365,-0.4004128870694075,0.08511227652928624,0.0323303892787958,484.0,319.381800260791
366,-0.3212495393964496,0.09262715907648132,0.034283496639277156,453.0,311.23438621125086
367,-0.37244898185811737,0.08914621014471273,0.03214383598931326,486.0,326.960574114715
368,-0.3909216229697572,0.09041510880521254,0.031171175726597042,475.0,313.2853292344602
369,-0.372114244525918,0.08675420559001,0.03423859932590542,473.0,325.24170570714097
370,-0.4113355565321055,0.09307176206380756,0.03290168140518843,469.0,338.71217325522684
371,-0.3843064595977146,0.08166567887706462,0.03152681508637834,491.0,341.9423655701801
372,-0.33189939088414944,0.09066633046461395,0.032230549680237815,478.0,335.82696128026794
373,-0.40815588277432413,0.08777442533779393,0.028875314900657777,484.0,329.6230445299289
374,-0.34541755549700204,0.08522818500672438,0.028478669619613223,490.0,334.5709897867123
375,-0.39150559372790017,0.09368528098240167,0.03138396133958622,477.0,321.02533703901406
376,-0.4672484711512528,0.10262100521676679,0.032413212135318684,453.0,286.6689605790142
377,-0.3954373916517273,0.08983367359770261,0.03146757397907963,476.0,317.1536386793943
378,-0.37396625766184854,0.08606891087342217,0.03394884974902588,472.0,318.16871990687264
379,-0.4203651028511084,0.09445517264406343,0.03268428900386695,467.0,305.5232200767288
380,-0.43638287577665746,0.0892728012619226,0.02791854027090285,479.0,335.4289600977453
381,-0.3933508198477025,0.08891520130404668,0.0327572211313181,474.0,323.0899413200201
382,-0.347974553047826,0.09223383192258401,0.035162943862958755,473.0,336.9015561800654
383,-0.3398638998601884,0.08408746292784229,0.029390414170052823,487.0,335.6930664458157
384,-0.38304100656980555,0.09418200720829578,0.032169601754042126,485.0,333.2852139247817
385,-0.3428134387674171,0.09463332877453265,0.03115463992974423,484.0,324.75281946757457
386,-0.38363153956983664,0.09020656374971615,0.030972170998044165,472.0,330.4481971813501
387,-0.39356089756900436,0.08328316598306325,0.029020125461339145,487.0,352.45568818182636
388,-0.3463602510211876,0.08922924352959213,0.03691184888951779,478.0,305.03613809199123
389,-0.3478666350499582,0.09052231314515591,0.030176647793090077,483.0,320.82653628972247
390,-0.3827820899576735,0.08514573719708335,0.03146885997107199,491.0,333.86353662902695
391,-0.42507339169216474,0.09358053782922365,0.03529440064629477,464.0,311.09131590702725
392,-0.36620274928194485,0.08689977754515407,0.03470189740110025,468.0,318.19903714457075
393,-0.38568486698226545,0.08483838784298546,0.029815124771339265,484.0,341.45477181080867
394,-0.3684331591140513,0.0870974620572998,0.03268179753880246,473.0,341.61100704356386
395,-0.36723169167919867,0.0857084692711644,0.029055437218414318,492.0,350.92052167944587
396,-0.353976690899545,0.08766156408207122,0.03450798824451944,484.0,320.2241174652104
397,-0.41567463806729643,0.08707283322072738,0.03276437422198942,489.0,359.6071943644595
398,-0.3711888468826898,0.08864624988009646,0.0321111920202832,487.0,342.60970665452567
399,-0.4169607133401563,0.08769819212662607,0.03205895790443407,486.0,338.0387477036747
400,-0.40921284664248647,0.09393834105636255,0.03292605853234709,481.0,325.800417424636
401,-0.4249402559743145,0.08909161203864432,0.034358823707469184,475.0,317.97357313793793
402,-0.44619541974205745,0.0921430186766513,0.036101354458930084,461.0,307.5509673741987
403,-0.4412618249254603,0.09447703975686622,0.0357181776141759,472.0,325.14048088545303
404,-0.4263514312598389,0.09027898939824743,0.03087460212822547,476.0,323.72129972945964
405,-0.4371705228310483,0.08940653141178778,0.030067151961799543,480.0,333.62063753585795
406,-0.3672885630273397,0.07840112544534869,0.02804368090448463,490.0,354.5620688355097
407,-0.359922679986453,0.08715760545598174,0.03414565377525974,478.0,336.7985587479701
408,-0.3843086138796181,0.0830612949977397,0.030584323982047194,481.0,345.59241031565864
409,-0.4254946619511131,0.09436827277743878,0.030888001385713768,469.0,317.2959397302676
410,-0.35434518099089507,0.08473857093106339,0.032097626636081664,478.0,329.7399743969597
411,-0.3129019234254993,0.08054250787061609,0.031056737422639424,488.0,363.00254082548315
412,-0.3358623703807,0.08300760987845374,0.03256174979253239,480.0,330.6792357932894
413,-0.3943889806229901,0.0862222545013797,0.03237073028188018,471.0,322.01903049935663
414,-0.3721215119210304,0.08462514650184087,0.034369699845083757,469.0,319.16599167634945
415,-0.3616499115462961,0.08339430003376508,0.03383619441288279,490.0,331.82120560946726
416,-0.36606573098137574,0.09495545812249218,0.03223703950050638,478.0,305.52470121930827
417,-0.38551015428873514,0.09395555971555694,0.03434939294956337,459.0,301.65146152243625
418,-0.307095985239195,0.08007656523575342,0.03474486374986345,484.0,351.08723822898105
419,-0.41185391382362635,0.08669084692389321,0.03247991616575099,473.0,324.24783950373586
420,-0.39868255415080567,0.08401052112879481,0.03133541158932989,487.0,347.8742865992193
421,-0.44437776407576246,0.09418157777879664,0.03474905539522945,469.0,303.55210518155013
422,-0.3645756881204383,0.08758269838879812,0.03305537228029431,475.0,319.5996659865127
423,-0.4186954009054493,0.0855521443430718,0.03028392367339121,480.0,339.3021651635256
424,-0.3662647506760339,0.09115064421850327,0.03557886168322091,477.0,304.28615500599483
425,-0.42340813820770506,0.0885631439600162,0.03171121347735162,479.0,324.97249612890454
426,-0.359591765060292,0.08693871015441404,0.03371570314202701,461.0,304.0350226205484
427,-0.365735351221641,0.0967989372898629,0.02994664961434626,483.0,301.44086715744436
428,-0.33102717442779106,0.0897413252293688,0.03046548933615889,479.0,333.67749033282
429,-0.37717062336460483,0.08329965656489445,0.030840480745904387,488.0,374.8365048971792
430,-0.3747948302183861,0.09155527100825755,0.03418206719942743,465.0,307.79703240115634
431,-0.3270538634266029,0.08757739041230587,0.031008181897744087,493.0,325.60847491865013
432,-0.3810155621061755,0.0867943969392159,0.03381468409733757,474.0,312.04399025864535
433,-0.444838255351216,0.08842951190440196,0.030992001757293615,473.0,315.8308393256891
434,-0.44942178783939823,0.0931664708328712,0.03169521748147458,476.0,325.06497812418957
435,-0.42807959421152164,0.07816516276375425,0.028576639633253496,487.0,358.8248350042192
436,-0.39980861615382857,0.0867197622799388,0.029788855583568603,485.0,338.60124281359236
437,-0.3284221292047782,0.08826751117910445,0.035392992699402326,478.0,296.2586010959362
438,-0.355730247943582,0.09274931660411125,0.02835287727744074,480.0,346.5537537517477
439,-0.41241948801383144,0.08629598416197608,0.031964952339514914,487.0,347.62822792740906
440,-0.4192450453354821,0.0883795713983378,0.03351741645601561,484.0,332.5374854731476
441,-0.39383904098754474,0.08839935879230533,0.0334905826445027,477.0,315.13238224902653
442,-0.4062036325472107,0.08686876441997345,0.030701750023912986,484.0,333.98851609922133
443,-0.3383910865027224,0.08167816933333277,0.028708736786948758,492.0,338.3459205234281
444,-0.47244188538862675,0.08522784402448359,0.03210384649553701,489.0,342.68480009357904
445,-0.4039354817814358,0.09321973005016106,0.03284235794665139,465.0,317.68164117316473
446,-0.40672975677194234,0.08757713469558365,0.030321437197019588,492.0,326.1199641589322
447,-0.3461263993726842,0.09123841630002766,0.029236313900060294,476.0,306.295309181462
448,-0.40856888662049684,0.09162737258623518,0.03270922314130669,479.0,308.42465767322676
449,-0.40569406558060184,0.08629831400178614,0.03183130019753454,476.0,332.1248230517892
450,-0.3750421341935315,0.0977347777428601,0.0321071178000621,462.0,311.82121201279085
451,-0.3763458886900968,0.08522213346032825,0.031458515358501284,485.0,336.0522193292835
452,-0.42135952502011476,0.08760023368577578,0.03198221998645374,476.0,325.88499193573483
453,-0.3800511487252263,0.08824307055439791,0.027448704952659397,488.0,349.8588486166947
454,-0.3933952164698318,0.08724364328990654,0.034682894099853714,477.0,307.87353873609493
455,-0.34050244606444213,0.08311019563286104,0.03215067084265692,491.0,335.5594697387765
456,-0.34515199089554516,0.0882106497812649,0.03294930639993236,474.0,307.82509033710835
457,-0.40962911968345006,0.08931541610409023,0.03576310581580025,476.0,327.1199665337196
458,-0.4018252983027848,0.08518478098067035,0.029311076349813364,481.0,345.08417017841293
459,-0.3854114689102257,0.08780914553037064,0.032529361838161096,473.0,316.3592183449857
460,-0.39452143140317864,0.1007892571555577,0.03776269581607322,463.0,291.76493304475093
461,-0.340281976332494,0.08993233228754255,0.03182896281948339,475.0,328.70613875231135
462,-0.3397618145510797,0.09005001545751344,0.03309131214051625,462.0,296.32394735444865
463,-0.3309587130959515,0.08485371466805897,0.031051906700837642,486.0,348.75598095814763
464,-0.3608173417135836,0.09200627362656445,0.033329897518876744,483.0,329.76036454992226
465,-0.3064026400807376,0.08855982844209087,0.03598881565405494,468.0,319.3475604125465
466,-0.3843396929821976,0.08260346517885653,0.025921684335378264,498.0,360.80809202504304
467,-0.4250411059100867,0.0885951876444991,0.03470331980605105,477.0,330.3103967135212
468,-0.35644630922315024,0.08792959908294282,0.03240220230637291,482.0,317.80860062720296
469,-0.36751610937134593,0.08990582404518987,0.03166817771336247,477.0,329.0213317701964
470,-0.4087950476350537,0.09425647270866086,0.033880579777459646,472.0,321.61145330911745
471,-0.34062882146120943,0.09272120563719825,0.03354699383685668,475.0,330.1313724661551
472,-0.40778391394089786,0.08885550134452809,0.028923042502417416,483.0,313.87065939419494
473,-0.39340252294488476,0.08809072050380615,0.029993187637019983,489.0,327.8792591175185
474,-0.3367771934266375,0.08433046067936627,0.02863763644697564,492.0,353.62981982242695
475,-0.4264524423145053,0.08463137272276126,0.03026692448116866,490.0,358.73465645937
476,-0.40549792596982526,0.09586602610092486,0.03577354093160262,469.0,295.18266395670764
477,-0.4109427849997882,0.0893600684160641,0.03232201121286083,476.0,320.1391245502947
478,-0.45533601091384357,0.08808810521524142,0.03120888333356388,473.0,339.4849699930576
479,-0.4541865870685613,0.09008061693116816,0.03210890942847147,475.0,317.7408191535012
480,-0.3623984673472189,0.08856052782137665,0.03199613596302988,478.0,316.5182615963501
481,-0.36789161827981154,0.08198276407501841,0.032309099402362505,482.0,328.4270023319672
482,-0.3705701557913823,0.0827372998094701,0.029310848318575302,486.0,369.357621628831
483,-0.4069069013259208,0.08895711942083162,0.03324903181141919,484.0,311.01379193729633
484,-0.3857106142710989,0.08645480681098776,0.029149972031502998,495.0,364.88817001335866
485,-0.4555396604424069,0.08751692354571029,0.02656993332201781,492.0,346.3839648611778
486,-0.3798356218597503,0.09441527641101227,0.033817376623559256,475.0,310.1096245983535
487,-0.3628841320267391,0.08576889557215425,0.031985630001013274,483.0,340.08477063657296
488,-0.4030797027069548,0.08547245914548321,0.035174868577881664,478.0,319.8100544400231
489,-0.3954242898665359,0.08502723103306045,0.030418951770773403,485.0,338.2277151998526
490,-0.3598179587183772,0.08973678430279948,0.03121750564783317,485.0,317.523956155979
491,-0.3727517063657775,0.08794062601262738,0.038713389672238516,471.0,312.49210046761954
492,-0.38830129069929287,0.08730986546098611,0.031556787507385546,480.0,332.0546327796584
493,-0.40164282054733924,0.08623481987661837,0.03219863040562219,483.0,330.49809319541936
494,-0.3145208706379856,0.08649991284463467,0.02776560758933702,490.0,342.90364665912693
495,-0.43479627143983235,0.09639889234322849,0.03755185385317306,456.0,293.0073342599572
496,-0.3827173569713209,0.08729182022119564,0.031049216218810325,480.0,333.5129089884559
497,-0.3837044118703399,0.08479597611356354,0.029973302091153096,488.0,339.7793795124803
498,-0.42454698630896814,0.09556892558321581,0.03243278302696804,478.0,321.2952195872009
499,-0.37183704821478303,0.08993416401005982,0.02891925315066978,482.0,325.486266405218
500,-0.40536560834739044,0.08842693493731804,0.032861618246016425,467.0,314.5147008808083
501,-0.4067463618685099,0.08834029958140865,0.03335415288203336,471.0,314.97737966430526
502,-0.35088778742643223,0.08075775935258586,0.030598897353454436,487.0,369.40318089299905
503,-0.370934599421028,0.0957757043142399,0.03507179811182562,473.0,303.79484118765845
504,-0.3440895147072931,0.0874794287995499,0.02938526201317152,487.0,338.0416128143314
505,-0.4448295336010899,0.0852199309068281,0.030796119001652782,492.0,348.46654407484675
506,-0.43526014940964153,0.08720515874244472,0.03126011893120867,483.0,315.784947258242
507,-0.41487390441791483,0.09082784437609949,0.03461925710752764,459.0,309.834934582596
508,-0.3799442109748785,0.08963217544921731,0.03136517632773195,474.0,327.0167864820361
509,-0.35868238132085306,0.0865795591818625,0.031087304151845335,481.0,318.8552477297426
510,-0.40460590333219537,0.08264360770796526,0.030637352812899598,487.0,357.06701899726556
511,-0.4103074207178148,0.08919141341358422,0.032500418377618245,480.0,314.65542932820506
512,-0.3600347196331808,0.0854528526519789,0.031681204653618185,475.0,315.51927380846996
513,-0.43195512752767806,0.08151243619738187,0.03100521434575685,484.0,355.0911538003057
514,-0.40573508704868555,0.09323645110041476,0.032932339635302434,477.0,304.5117227258811
515,-0.4101432714880784,0.08904661308403973,0.031458327620256354,480.0,324.616977733648
516,-0.32343334150189396,0.09345613355678521,0.03383172334891843,478.0,335.57629742152545
517,-0.4086050047776366,0.08437714096295025,0.02940577651284652,492.0,371.6606531356449
518,-0.4113769688590305,0.08778421122677126,0.029547786993212727,494.0,339.44752285504103
519,-0.3690135168648596,0.08564223317711536,0.030866754484441036,483.0,330.07626534084716
520,-0.3528569738727154,0.08971191370676623,0.02921912528331378,484.0,353.44529995422147
521,-0.34852484586766463,0.09513635911997018,0.035295612065698104,471.0,302.97062673571196
522,-0.4266463098247568,0.08742934064445108,0.0349210742389177,472.0,320.7885150703077
523,-0.42313388284156916,0.08649334948110148,0.029739936835442026,484.0,327.7705723727401
524,-0.3547669038203889,0.09061347878486718,0.03294003063931198,480.0,331.7766290367403
525,-0.38270430142132605,0.08623724369047796,0.028863053246943198,489.0,338.07926566273136
526,-0.3942641867799632,0.08469981845248263,0.03260696765828548,482.0,341.9683461012752
527,-0.41679412537457905,0.08695258051910427,0.03279922716682139,486.0,340.33871253448535
528,-0.4269178225680883,0.09190575201678276,0.03388977202404498,477.0,343.14438057715654
529,-0.4039019511064348,0.08748710562360897,0.03167047799516843,480.0,329.93773204165996
530,-0.40469603622115846,0.09401965748223129,0.039942731940706994,452.0,282.26044949507263
531,-0.409396772638809,0.09086054413138278,0.030985537985002122,478.0,338.2615197994253
532,-0.4006982328326809,0.08442960422465777,0.03153723981963763,480.0,327.43766505724307
533,-0.4140855492926585,0.09232493920665084,0.03177948690683242,476.0,312.7811601776282
534,-0.42752905657753004,0.08517835430088896,0.03221934830839272,483.0,330.4081616055095
535,-0.4471327550865971,0.08643628293502978,0.03002846050630816,482.0,347.77958872731193
536,-0.39449081846170486,0.085669386487804,0.02884424114118536,487.0,356.10542414321634
537,-0.42692058640002095,0.09249089198861006,0.0292621595123385,474.0,322.57623837928475
538,-0.4463153409326339,0.08681376001350939,0.029374331903468023,490.0,327.97440171648674
539,-0.3754018040874474,0.08180401507157285,0.031206156042148835,489.0,351.2451672990737
540,-0.39951452178007374,0.09099595191816238,0.033556968175560656,477.0,340.0570303241588
541,-0.3366968500343357,0.08913137225433995,0.03372463295711414,485.0,315.52476771149736
542,-0.3465270848367972,0.08041021943339292,0.03127864133178851,483.0,323.44755569824196
543,-0.3615381161504887,0.08911229543411461,0.033162129323212,482.0,335.92739729998084
544,-0.39498075859979087,0.09618959063872967,0.03367787775493834,466.0,304.92674240271594
545,-0.3822178532631928,0.08381554215675083,0.033589134379780027,484.0,318.535267260674
546,-0.38500603852313464,0.08706337924636001,0.03226993462645755,479.0,339.6292672063444
547,-0.37704133244023197,0.08824604510976336,0.03193935635667897,466.0,318.4052807717552
548,-0.3546107917449741,0.08401507555144117,0.030532764268702287,489.0,338.5171239809006
549,-0.38763162431479614,0.08416499250176143,0.030574778321923034,478.0,328.3525353375153
550,-0.41553350573302295,0.08397802862291504,0.030835914315076287,484.0,329.4365062815915
551,-0.4200398086352708,0.09722059045279019,0.03200910890810416,472.0,336.2648743751626
552,-0.3530143574573801,0.08271823201450704,0.03149998645658118,485.0,326.5732124193202
553,-0.3619276283330435,0.08979755024953719,0.032672462346889725,481.0,322.2988387903343
554,-0.3167231339585457,0.08495097695595788,0.034548989159898846,476.0,331.85707072261897
555,-0.3807349478346982,0.08858976278105711,0.03197669670305409,481.0,330.5498241419873
556,-0.41741083896157116,0.09055685135263915,0.038376200710398094,450.0,293.5527899186799
557,-0.3516051209343156,0.08972397106240068,0.03681856145574595,468.0,298.945866209472
558,-0.3819814374253103,0.08498577450681621,0.026953438789047646,489.0,363.15908652059795
559,-0.42993453993523145,0.08264706691212069,0.03001124166939067,484.0,340.3832268057574
560,-0.39575118547137045,0.08446337486996795,0.027718299038222753,485.0,358.2663627126584
561,-0.41879521772185724,0.08949749376454486,0.03182745820752745,479.0,318.586403103079
562,-0.4307192019102537,0.08580487074850475,0.029187508208224577,496.0,360.2428581342966
563,-0.4094302105073315,0.08824921513944406,0.029845680479828097,482.0,331.73474972238785
564,-0.3559695148701283,0.09085891634490671,0.03388228313747567,475.0,301.67305571854354
565,-0.3671908773147412,0.0838950984082336,0.030548587332777023,490.0,341.5781742653452
566,-0.4036670173400809,0.08618564033553718,0.037523157265360534,488.0,333.2797045572132
567,-0.4160863676150304,0.09076816576344615,0.03325974537902739,471.0,312.58191026996315
568,-0.39222278908134856,0.0861462040639468,0.029857542990442725,486.0,339.0194996794806
569,-0.423385680485437,0.08356905558758,0.031180044889301956,487.0,353.25931267203526
570,-0.46214513791324574,0.08717020108715616,0.03093975491336559,483.0,328.1675962266173
571,-0.39786633384165393,0.08331292108130141,0.02808041567164254,494.0,341.9230296372301
572,-0.34279982030026757,0.09438698172862103,0.031659210590757346,480.0,333.5976820248961
573,-0.364654000580634,0.09221036907020437,0.03156217833109898,470.0,314.0628093761519
574,-0.3412023119719083,0.07879991715253204,0.02953910096652511,492.0,351.24313433349124
575,-0.3704003051070006,0.0907753558678619,0.03623560801839657,478.0,332.3071304278177
576,-0.35936727989426753,0.09310561928992628,0.033460025533211465,468.0,294.53573043230756
577,-0.41346712173391964,0.08685021283787263,0.03108445649929868,481.0,331.7928313697487
578,-0.34376123490873,0.093452723626583,0.030974773347326272,467.0,312.5338240485863
579,-0.4256240730612615,0.09350896036633483,0.03550759495016832,457.0,312.65440780928293
580,-0.41096199392056887,0.08912803679445015,0.032192231003538796,473.0,327.62896832817717
581,-0.35191547190596895,0.08467394137554274,0.02806970038900593,493.0,341.52358432849326
582,-0.36554173426517034,0.08924017565113852,0.034345391839494456,474.0,324.103246287974
583,-0.3509281575490788,0.08439086602947361,0.027007703513907452,493.0,361.77198364288466
584,-0.4180561526464617,0.09060189850896055,0.03090247118076529,485.0,333.37673657974693
585,-0.346265324996482,0.08769487928204567,0.03631953367467708,466.0,296.34509523183215
586,-0.4094063924769449,0.08305055158663015,0.031825586894069724,491.0,354.3982501190002
587,-0.3716796340773345,0.09303588547253834,0.03349592750111029,458.0,296.3188944213938
588,-0.3213287305315218,0.08665213441366654,0.029932354638936457,488.0,339.84515682772144
589,-0.3593436955221465,0.08345420703297489,0.029457452850833173,487.0,330.76515272816187
590,-0.38047807456064664,0.09168500753800243,0.03376416881143266,474.0,311.8150800666142
591,-0.3273043097041999,0.08321869350126851,0.03156037079571352,483.0,329.34414175134816
592,-0.41108423843534814,0.0864259235530602,0.033192279748647836,485.0,349.692195436337
593,-0.3704509954116828,0.08649184732184778,0.029350843209991418,478.0,338.2493075824377
594,-0.3460307915878764,0.09318559215592248,0.0319072025599558,471.0,313.4792457211321
595,-0.3966864105049548,0.08570157112198803,0.030379772231324535,476.0,331.05130765097823
596,-0.4103801474274289,0.09118035273975068,0.03153885605678542,480.0,342.009347606074
597,-0.3697779103297991,0.08838742785957632,0.032320340686820756,478.0,332.96309319644405
598,-0.30427240085688556,0.08522333942987256,0.03416841354039519,485.0,337.9253144014948
599,-0.42540550887222617,0.086076269090569,0.03425870726110003,477.0,325.0416711477018
600,-0.3039341627309389,0.08817718145082191,0.03454826671140043,477.0,329.9587863926115
601,-0.3882863602267186,0.0918050327448494,0.03089663052486998,478.0,324.79695117705035
602,-0.43097653356013677,0.0852856193736017,0.03264741210055119,476.0,325.2876667979167
603,-0.36874507993461814,0.0884296527897652,0.03067990780154869,485.0,333.1971403601939
604,-0.47220420187418766,0.08997722924744925,0.03327842553497312,472.0,328.1194022043113
605,-0.39043963250017555,0.08760064632682074,0.0321745639908938,483.0,329.0294800500427
606,-0.3483856898364506,0.08847963461272806,0.032749525918252906,486.0,330.4096802646382
607,-0.3375359546608605,0.09783275040395566,0.03590314336510747,466.0,323.21904408990025
608,-0.3883648857247848,0.08891476898527949,0.03193167190144225,479.0,338.46951949440756
609,-0.4177680305992757,0.09137796971082271,0.0319207745083392,481.0,314.921542403728
610,-0.37712190846441107,0.08736763255473028,0.0328306173002842,468.0,326.38510936056025
611,-0.3864149082946571,0.08620738036283114,0.029355359155427602,486.0,357.97259957648686
612,-0.46193320368471014,0.08858920569664902,0.030999086608820954,486.0,317.52503684108524
613,-0.39322258800801224,0.08389569214478541,0.03169588059967631,480.0,349.5285508957147
614,-0.35693744046857256,0.0937382792055415,0.033817162728689495,465.0,286.7148762184348
615,-0.37557813027850573,0.08598228329930759,0.030671118485018585,489.0,336.88022271959164
616,-0.3916930788820374,0.09636341562176444,0.031772691801340784,477.0,298.56985249135704
617,-0.36871427360791875,0.08823350296655275,0.02741984447651212,492.0,335.4703877853931
618,-0.3996198903478887,0.0911671789318431,0.03459537234255445,471.0,313.3533896116514
619,-0.3421389512441646,0.08192025124000442,0.029907386980708616,487.0,349.93682983685244
620,-0.38572690731607384,0.08716527021823134,0.0316120921084891,477.0,331.6167240834733
621,-0.42644332949556896,0.08856861477734755,0.03600860858640228,472.0,328.1044156494476
622,-0.3626515295671582,0.08575114369547326,0.03482842401440715,475.0,316.092391314781
623,-0.39445793715052524,0.09732552265137277,0.030871704579432172,479.0,328.4968432735593
624,-0.3274547459595363,0.08920818563236647,0.03666886296495051,485.0,331.91608485283217
625,-0.39432159527907107,0.09003371756223605,0.031248432854215226,480.0,320.1074766935206
626,-0.31112045195674876,0.08640543744469696,0.03020211622646744,473.0,335.7189288722557
627,-0.37782801265587507,0.08713669540111775,0.029176883787466718,484.0,358.54045084916424
628,-0.40660999319802027,0.08690951472761334,0.03156933413525663,487.0,341.71006649744504
629,-0.333522631297249,0.08867998819536671,0.030708285043051994,479.0,318.1173099875515
630,-0.3419830956552157,0.084880943130561,0.032166364067339866,484.0,332.9965956128312
631,-0.36866837283226017,0.08797939009938471,0.032875344011486125,486.0,311.2525922797841
632,-0.4242413130614997,0.08729170984477921,0.03259803649118576,484.0,323.57179313565854
633,-0.3840633955119208,0.09318118305989423,0.02923151707941294,490.0,329.80714268698426
634,-0.4012454864119075,0.08852738237537301,0.03744223320318579,475.0,321.23070504396424
635,-0.4388535011523236,0.0903719783889896,0.030728196668608612,479.0,328.27185769176964
636,-0.3747023778383616,0.08808786413288952,0.02875413801220221,483.0,343.7566807448459
637,-0.36420877104327953,0.08826552725941139,0.026979747452272003,483.0,329.67326390569104
638,-0.3749444908024837,0.0815755150602258,0.02982254675714635,490.0,358.67288684845124
639,-0.3563980679081893,0.0924997891897228,0.032115550192474675,485.0,335.19206519982083
640,-0.43071786053430916,0.09251043631706912,0.035837547055108165,468.0,316.94318233428714
641,-0.42058556273348424,0.09059501207600588,0.03411413975369535,468.0,305.336074059295
642,-0.32795027658833087,0.09947106809841992,0.036309814317151586,457.0,278.64471527224975
643,-0.34824450473319857,0.0840626438654136,0.03162654276798006,482.0,335.58493138419095
644,-0.3661322715547901,0.08456828323434139,0.03105403706553581,488.0,336.0321737880016
645,-0.37817945988322155,0.08379436649052083,0.028964696303288514,487.0,352.1284066487538
646,-0.4332982024379284,0.09099002149476698,0.03012252195481806,489.0,329.3439418275212
647,-0.3288041999649285,0.08450531773253839,0.02832132250082799,492.0,349.45130402772304
648,-0.34532685351447645,0.09217626574495259,0.031150100783497857,485.0,323.0613741520357
649,-0.4178334336371141,0.08986149632916933,0.02955129222918658,486.0,323.90447977419444
650,-0.39001108559740594,0.08974065301445604,0.03311256183870182,469.0,321.89012149448047
651,-0.381476961326189,0.08492946436215541,0.03420898495449533,481.0,333.4868710463735
652,-0.3644270078929437,0.08712391837633282,0.029090205966169236,486.0,334.79638907378404
653,-0.38663233769697003,0.09306997596746906,0.03592223985166066,469.0,307.83256734182044
654,-0.33494787200141785,0.09118938004862472,0.032295743814894196,464.0,312.62614484202584
655,-0.3640008611002288,0.08234676703706412,0.03011758506313165,487.0,342.43176645095866
656,-0.4173662633261621,0.09357182772114696,0.0335288285299302,477.0,309.3008386220663
657,-0.42441900696129853,0.08712757764438792,0.03417116600662434,485.0,311.776000949216
658,-0.3217624977669531,0.08730908773499554,0.03519795595061846,469.0,317.8306269685535
659,-0.3802198780340902,0.0920470679346607,0.035939716815636166,475.0,296.78231427649973
660,-0.3907194558536129,0.09011845987145052,0.03130855996958005,477.0,327.9784963913096
661,-0.3722345681020873,0.08290576088879778,0.02873986415023083,493.0,359.4246457437006
662,-0.3305136353678284,0.08639217632422015,0.03001117174464377,477.0,328.4067247475439
663,-0.39263208917765935,0.09392161134783442,0.0352333999116659,466.0,295.93845464042874
664,-0.38606544022640277,0.08548590790921021,0.031060988119036254,484.0,341.6690680348519
665,-0.4189042929743403,0.08844868799566152,0.03263828855516257,475.0,337.96562908824495
666,-0.4295403443431467,0.0876394668987897,0.030280513270381282,485.0,331.28815830247004
667,-0.44690289005871264,0.0925965111415365,0.03370703462673679,480.0,330.47008227691504
668,-0.40182777974817707,0.08309783736906136,0.03134005544817605,480.0,331.53693220158385
669,-0.3689825107862097,0.09150731710534925,0.0318966161492602,483.0,321.59629598758124
670,-0.4096855427171935,0.08870199702964539,0.030064436624426125,489.0,335.7625440259662
671,-0.3490590609913289,0.08554250277311518,0.02912145223678038,491.0,355.27165804135313
672,-0.433140357364485,0.09166040629254371,0.03251994584332062,481.0,323.5597092374261
673,-0.40978729677355785,0.0901475185290021,0.03372838552987277,465.0,310.35406634458735
674,-0.43847690100243275,0.084997183105005,0.03066273926830609,487.0,338.93605530670027
675,-0.3543550888340805,0.0919386447452083,0.03664377065568557,466.0,293.60607250411897
676,-0.4049681241279335,0.08935117404781935,0.02990262443378113,480.0,331.4488581902994
677,-0.3467382448322507,0.09676848283352193,0.03149862040052607,464.0,311.51233876820817
678,-0.45184503165244294,0.08228975033636345,0.02734528578554815,488.0,351.0859091541365
679,-0.38884895834600286,0.09124248688031461,0.03039882077000795,475.0,327.20477630914627
680,-0.4025297909258776,0.0843593858208194,0.030392071456410947,487.0,335.4387289601077
681,-0.44579203085600927,0.08903156853103049,0.030506671363972997,481.0,321.60992977197975
682,-0.4161178017881251,0.09086070957615609,0.03273323208383544,477.0,301.0089112141295
683,-0.38954606664389324,0.08865130250466713,0.031640070024375216,478.0,338.7218842560299
684,-0.3101232169578334,0.0854896871738664,0.031255395565443454,481.0,341.0700725004805
685,-0.3930976148950718,0.09039285479761447,0.03210258225339318,472.0,319.57737646010725
686,-0.3658078955979627,0.0910814032429245,0.03534935638494329,465.0,321.5667591265021
687,-0.3834522632430035,0.09144638117431496,0.030045370002011483,482.0,338.7843042055555
688,-0.3699719750089576,0.08359007671339258,0.03249634378241364,474.0,323.78115094659245
689,-0.467398589142491,0.09014268841879136,0.03253522604096016,463.0,317.3329581797136
690,-0.40729175228641523,0.08918131539101253,0.030976451388941395,481.0,323.58325450987974
691,-0.3693910994230003,0.09291984100203396,0.03406061397187722,462.0,309.4870136881767
692,-0.39852140430053495,0.08950386177294886,0.031547700233832424,487.0,331.00995526015237
693,-0.3248344237771108,0.08650196249014372,0.03121946324571698,486.0,344.0240450311296
694,-0.46463881270656193,0.0892726806347352,0.0299667280230515,476.0,330.04129590681936
695,-0.4317031351243732,0.08570744451344778,0.026961804811796764,489.0,346.85074366435595
696,-0.3657000575774041,0.09005045669434743,0.030449279800691245,477.0,334.7382669079234
697,-0.43090423356365815,0.09573658039702727,0.035092907614004014,471.0,290.00255052201493
698,-0.45452271374040754,0.08815714413163296,0.03001095350857275,479.0,352.185943191902
699,-0.40670090811656134,0.08003270109578123,0.02919540160149682,491.0,359.92671595320536
700,-0.390305943024428,0.08545219638131198,0.03393370728509344,486.0,316.8033691801289
701,-0.3591324564365648,0.08178614600171272,0.030225857882385035,485.0,356.15607438486313
702,-0.3548052257540264,0.08655505268061796,0.02754689635190113,490.0,348.67013168413285
703,-0.4045134667328716,0.09077043819264949,0.0316070307766795,473.0,334.31394471707335
704,-0.401523387067352,0.08471021577157843,0.03515619781663326,472.0,337.74796958085085
705,-0.3596980625043731,0.09096053579424128,0.029446824000303618,488.0,335.83051680010635
706,-0.3385229976004549,0.08877580462358971,0.02962048830329563,477.0,330.90752966148114
707,-0.38710319281691286,0.08917753050377472,0.031979712395398104,477.0,342.662581125132
708,-0.337670391136621,0.08684299376344318,0.03178840933862556,481.0,338.8092371646096
709,-0.37043852686324685,0.08811707101307492,0.030090113223711364,482.0,321.76032378709203
710,-0.39699309011151707,0.08479245954015151,0.03249916836604532,477.0,351.8124344313437
711,-0.36482720567589233,0.08286652995849965,0.029776072394869506,490.0,351.05152661084344
712,-0.41106875820604705,0.09190271646395975,0.0340371751584992,474.0,315.52972280759775
713,-0.38703870505141635,0.08487167632053919,0.027762277552213544,495.0,349.89843392826174
714,-0.4064176133956763,0.08967739653604732,0.03461054876730195,483.0,325.3511735536585
715,-0.4127668806495315,0.09365742334355896,0.031128231735461726,475.0,302.81166767790796
716,-0.3950216213235578,0.09533445371580491,0.03439845682889922,479.0,319.5399838024144
717,-0.42744404632573385,0.09005162805317952,0.029137491791568017,486.0,335.92274551708584
718,-0.3469748102054808,0.08896878830002257,0.029618937149262475,478.0,333.8418701795682
719,-0.4070051297226214,0.08692843188369187,0.03440605935534917,473.0,310.7596512099991
720,-0.40097018443401566,0.08773350202516128,0.02846483594251876,489.0,316.3132506714104
721,-0.4765795659471985,0.09154589860008308,0.031842085063915344,486.0,323.6865466870912
722,-0.3783467545738608,0.08763582877419597,0.033355590927315035,471.0,320.193729599505
723,-0.3708115808278012,0.09049581790515206,0.031095752534209663,480.0,331.4954282541738
724,-0.4301892055352168,0.08906473190265618,0.03444869198851606,472.0,315.22965578427625
725,-0.41687516545060976,0.09167812978858154,0.03019707928141948,482.0,322.5148214632365
726,-0.3779400297731703,0.08849031629963842,0.030635189306968978,482.0,324.61311638779216
727,-0.4029658839407646,0.09006200594431993,0.035132370442985034,472.0,298.13377116273057
728,-0.3420575636255938,0.09787865073963127,0.0319456965059787,476.0,334.5156808597297
729,-0.2998334534017193,0.08936047916756748,0.03505083739303127,469.0,319.0768630250939
730,-0.44164186596685706,0.09165082518156102,0.031781718264101505,487.0,313.22018535547807
731,-0.44290193365283326,0.08770784536416422,0.03129781101054257,488.0,324.6508061259084
732,-0.37071773338713543,0.08359301824141548,0.027354485428721327,489.0,357.04537229061583
733,-0.33484651453973946,0.086507872463601,0.033765676198186316,468.0,316.4932521404046
734,-0.3716109048404532,0.08670469099926296,0.03311150194446611,483.0,336.77258845326276
735,-0.4093099480024338,0.09162680721859105,0.03241854375825251,478.0,318.0527460946703
736,-0.3958947895567535,0.088723544311845,0.031174819084596753,479.0,329.67809806192463
737,-0.3891088057087049,0.09044598415015297,0.03255950674986291,472.0,315.70642650999343
738,-0.3910199502852536,0.09076576242346109,0.03193356452514387,476.0,321.96540364084797
739,-0.43975106431712563,0.09017311944428011,0.03477557481520586,475.0,318.6939143402107
740,-0.4448454617940163,0.0939543793942423,0.03170120898721234,480.0,335.3848269489686
741,-0.3781546176943271,0.08908048802637335,0.03500426456919524,460.0,297.92874802197065
742,-0.387349455355559,0.08732438480535358,0.03260703141128474,474.0,329.0223448188141
743,-0.35933102662960836,0.09057513083634373,0.03172879106103304,474.0,321.72718964237004
744,-0.3764020850687273,0.08340456785331768,0.029241317548011667,486.0,348.2584248386617
745,-0.36531665711315897,0.08509597977133398,0.030466431923725553,489.0,329.4124867222789
746,-0.3503659689050913,0.09160359814730466,0.03325884362407335,478.0,320.15493861364644
747,-0.3120629553401648,0.08302090664040884,0.0298851779186614,480.0,341.37042495463993
748,-0.3691442976099282,0.08700068781669384,0.0297977856493168,484.0,337.05379255047933
749,-0.40689224252515066,0.08332912180083119,0.03376486601810464,490.0,323.51313581123577
750,-0.34433964429607,0.09393653306727602,0.03818633217551988,469.0,287.19199124376007
751,-0.4417354987617288,0.09123360387246836,0.033327618337536426,463.0,306.06427076419027
752,-0.37831029647107917,0.0890915929008577,0.03481776078317415,464.0,315.68764642341034
753,-0.3967887386719129,0.09782622603663801,0.03140847807809835,479.0,330.60672518009676
754,-0.43428612390748933,0.08872334760988873,0.03428839661517007,473.0,323.87510381675474
755,-0.3568856264071423,0.08577845341883396,0.03009033093118066,491.0,349.7157063007042
756,-0.37393481165767994,0.0904195162840459,0.02980457592727981,480.0,307.08246162664034
757,-0.34858514132611784,0.08623603310928402,0.03363441748561774,491.0,327.70637946240527
758,-0.3889839755912825,0.08372914609108426,0.032443253772207026,486.0,335.4770692023844
759,-0.38961851093843736,0.08767180640383905,0.031730712212676426,480.0,330.9461042632818
760,-0.3962594671511246,0.09119086102568341,0.030197568263970694,472.0,316.6958472340679
761,-0.4533268404743871,0.09117002255103954,0.03589789808037391,468.0,304.6088805632122
762,-0.41794677721033624,0.09283226268116887,0.03244908200958921,471.0,309.0788958245936
763,-0.33934874765988265,0.09506279946663407,0.03078486798900837,479.0,325.86758790463335
764,-0.3587365753614886,0.08788870870465387,0.0315917314821479,473.0,320.51127312244506
765,-0.37065856528474983,0.08335028712576316,0.03279792105801793,481.0,326.4189534200873
766,-0.4028977828113902,0.08567111472647318,0.02922452380064011,488.0,351.1767096437413
767,-0.38395776772961643,0.09019288799973146,0.02963181697491694,482.0,321.2932875756642
768,-0.3487533832621019,0.09094999656755004,0.03286591696763031,471.0,311.24729177521095
769,-0.4259283458329519,0.08570120527874601,0.03535782856737528,471.0,340.3891821065246
770,-0.385829041781768,0.09237572798300128,0.033578330439729846,466.0,300.69297425623273
771,-0.39626065056865434,0.08625567800575001,0.0294756380517593,482.0,348.15160552118647
772,-0.39390878410042385,0.08600552656138724,0.028577138098760793,488.0,334.85188410793864
773,-0.44374341834188424,0.09456335061816477,0.03207467575716074,475.0,304.3492103613673
774,-0.41060433199829527,0.08733707555317186,0.02617574404688668,492.0,347.79426600076675
775,-0.32499141716781255,0.09113746449027663,0.03460949727103294,477.0,347.40237286966413
776,-0.3854926953973852,0.08695364308340114,0.03009939411259847,479.0,307.86255770580635
777,-0.4161121845864275,0.08455789789646506,0.02919310130859795,489.0,343.42869256711924
778,-0.3667236339211084,0.07690575534127193,0.030406368762072082,496.0,351.55637095857264
779,-0.4118803696004685,0.09241968806762874,0.030486667242722688,485.0,339.7123118882804
780,-0.33432457584901076,0.088060215233649,0.029996803969268272,493.0,328.92866174120263
781,-0.35451494647959114,0.089318739166416,0.029144589871617655,480.0,349.76407256233813
782,-0.39612584347767,0.08953887959420283,0.031043675397642027,486.0,329.52515421142687
783,-0.3319452649716994,0.09353832518173444,0.029143645718359066,476.0,334.4148448885822
784,-0.42430195527908543,0.09024262536825071,0.03122720835213356,490.0,325.07262227265085
785,-0.4418648166207064,0.08981095136870644,0.033170396427023276,474.0,323.44115684152325
786,-0.4038224924264284,0.09414249978135397,0.0279078311792561,482.0,330.00971441149846
787,-0.37361232079727813,0.08829440459990053,0.03220491870583949,482.0,312.3207047399691
788,-0.3629584444124965,0.08711216775666668,0.037645652530553915,477.0,313.94800269921956
789,-0.37198998824043006,0.09011233662590956,0.028508631531163137,480.0,344.65839236235354
790,-0.36147992853371047,0.08991714768780856,0.028798144158558036,475.0,312.79125031394904
791,-0.41261720741024366,0.08638910474159872,0.031705360549180994,476.0,334.69601991879733
792,-0.4175094914179516,0.08940159075145379,0.03279012207641096,480.0,333.83625202553577
793,-0.4227054067323399,0.08634701880741219,0.03404761870183116,474.0,315.4750805536297
794,-0.31573187047163165,0.08700911380489745,0.030672540598028434,478.0,334.55754448590085
795,-0.40198996576931734,0.0868036552975032,0.031664250829497406,482.0,357.2407414047474
796,-0.35156375918599814,0.08486175205590461,0.028955014028439398,489.0,348.8634112002061
797,-0.32914673252399984,0.09282126741435216,0.03066919704793475,475.0,323.23022022371595
798,-0.38419133889384094,0.08625628706378928,0.03540491193744991,478.0,342.03139719216006
799,-0.39494602678362734,0.08331447003146347,0.02893119698673384,490.0,323.5135116792896
800,-0.32265333020302345,0.09017166089635946,0.03882495125144368,464.0,313.7048555447024
801,-0.38212995370835046,0.08493766329209011,0.034217832144265804,485.0,340.6794170037259
802,-0.4367448523151909,0.08678061356198905,0.03262566980738687,471.0,336.3856010277383
803,-0.3968060072737538,0.08372905995246134,0.032728666607036605,482.0,351.55352640371825
804,-0.36648483235272167,0.08302662341198018,0.028134174960191313,474.0,330.02506429795665
805,-0.4044333940859932,0.08856854352550972,0.03449883992308483,473.0,324.24557068390914
806,-0.38648571860315606,0.0871614782512691,0.034109938111005586,482.0,313.39283617124806
807,-0.3679852328117983,0.09040464442936391,0.03263515537804728,479.0,328.0967551746438
808,-0.34544748677569226,0.08911233538325215,0.03649736363920921,468.0,315.45295866576646
809,-0.3716122365928425,0.09248149718970784,0.03660621366708524,464.0,302.3476642401009
810,-0.3808693979998661,0.0957277135056567,0.03123445238263681,465.0,309.4705078953066
811,-0.3734414769626655,0.0931661307243297,0.03570651394165312,468.0,315.6544750398248
812,-0.38662338080402936,0.08666678476203209,0.03372135748843719,473.0,332.72775100154445
813,-0.42205909315262824,0.0887214680726103,0.03577215876868372,473.0,329.9893538685659
814,-0.4241156116688667,0.08084541401707108,0.029728376082289898,490.0,353.33588505590376
815,-0.3818981760041895,0.08377987699918243,0.03244820556272208,480.0,317.8975575838778
816,-0.3471838854531839,0.08514488751992652,0.029087943451674522,486.0,340.8200099670215
817,-0.37967940133270606,0.09210051286912493,0.0329231003466583,480.0,333.78128495082575
818,-0.33074383465402457,0.08496158024645999,0.031046703541008823,486.0,337.55107811173235
819,-0.28637957051804763,0.08511449807227033,0.03245480613149918,472.0,324.4180453331817
820,-0.3693908558264485,0.09574297085549338,0.03198650155085807,477.0,317.2005027731161
821,-0.3715610592792147,0.0850317207023384,0.03140187780832873,482.0,333.77937064078736
822,-0.4016679114836448,0.08429016481085426,0.029119159827186006,493.0,350.1204458033999
823,-0.436226269811141,0.0852469383747094,0.030934147527986143,481.0,333.0801090341799
824,-0.38877039295438953,0.0887472402060692,0.029609238693358363,491.0,327.75086691828074
825,-0.36503328431817295,0.09214266611438428,0.02647504327931106,490.0,342.33168040610633
826,-0.35770987300109214,0.09151617861230545,0.03220191850507219,476.0,322.9071194911419
827,-0.45074212070673214,0.08519558482277362,0.031618708165875656,491.0,334.621156365096
828,-0.4217708076628579,0.08959215508669668,0.033376558357502896,468.0,318.7620295524637
829,-0.4050625151660676,0.0871965942838561,0.02780023084627038,489.0,339.8556201346299
830,-0.3640509136978167,0.08951746584226916,0.0311417876858965,484.0,322.736777957758
831,-0.3809679381766178,0.09048655143672486,0.02991444709119325,477.0,336.0675297434125
832,-0.3880169608392827,0.08290103541453743,0.027197231965862705,493.0,359.4967586011318
833,-0.32103382500638133,0.08336698982913111,0.030855446693553078,485.0,356.1242792295046
834,-0.37338897426982953,0.08641448360309575,0.034502380817617764,468.0,333.96270522753093
835,-0.3907162234715975,0.08500998614397864,0.03562454941474826,469.0,322.2322992971774
836,-0.36961923963036014,0.08279500998534672,0.027929881118421256,485.0,353.39146851883766
837,-0.46309941452454906,0.09434058372985021,0.039874450568715344,461.0,287.1670157442522
838,-0.43951385698604284,0.08968547997330624,0.03440244486447246,465.0,298.2330940953325
839,-0.41177444866555346,0.08607276434716435,0.037372096137631525,471.0,317.2897056881566
840,-0.40799445798275213,0.0986492696083943,0.038426397574359304,463.0,317.62809865334935
841,-0.3692463983256169,0.08543388717535712,0.030706662483125462,476.0,334.2736513539902
842,-0.3963314243400564,0.08579122813963416,0.027807835941464343,486.0,349.3337661770085
843,-0.33879553214209635,0.09115157135106973,0.03152305868910688,484.0,319.40100765124225
844,-0.39835368797219406,0.08743504816705708,0.03212821611251911,482.0,343.5664749241858
845,-0.3963414344346434,0.08374427174335673,0.03006138058895654,490.0,348.1376057703259
846,-0.423314046969788,0.08724921702009343,0.03228003514220208,486.0,331.75000812027304
847,-0.378456234999454,0.08142890507481454,0.029790681756739584,487.0,349.48006764614524
848,-0.36457174928052716,0.08754636850358335,0.03138215026178593,480.0,360.5792262667096
849,-0.42160395930675376,0.08407860413477478,0.030287282074902683,491.0,348.74576499660225
850,-0.3931189714423291,0.08701321845542144,0.03566263268456144,478.0,333.3020282837353
851,-0.35841995053844267,0.08953725436449295,0.02911766292358224,485.0,328.76868222478186
852,-0.39810754922600644,0.09383733150860789,0.030108813078037016,484.0,311.06144918448126
853,-0.4186057515524091,0.09032966331160283,0.03177333178650796,475.0,321.80226288177676
854,-0.37404985402869784,0.08188794017666377,0.03288428105700127,484.0,320.8176659591322
855,-0.45380832569324925,0.08514236536171446,0.0330289407113088,474.0,329.22108293454585
856,-0.4382005380332048,0.08502670082863996,0.028398456600260573,486.0,333.7841406718645
857,-0.40083278718645987,0.08769117121069094,0.031956760518936436,477.0,334.35307275744856
858,-0.35987040356636113,0.08348062637403278,0.030444269118920488,490.0,352.60866309024993
859,-0.3490642539854707,0.08613683395121385,0.026593389863678065,494.0,367.6898574526623
860,-0.3863573674344565,0.08984256116449417,0.031018896192782655,469.0,318.6573185004935
861,-0.472675417570946,0.08430115089882415,0.03234410099988647,483.0,342.81329173660623
862,-0.3937665862037085,0.0922360699301654,0.03617250330877342,477.0,305.8979199590111
863,-0.4247133900395852,0.08351479366255739,0.03454219835598513,478.0,330.867337673453
864,-0.4271383406027107,0.08304140198425977,0.029269703153497768,477.0,330.50398672008725
865,-0.3739692453960992,0.08507939263116697,0.03313026475779108,479.0,347.6187769667861
866,-0.41375797529871594,0.08769057352425282,0.031231880419574615,478.0,322.83138354225383
867,-0.3720001004937057,0.08387560720261153,0.030287559173459235,490.0,315.493374802523
868,-0.3770504834121824,0.09670895561681885,0.03291891740585795,480.0,293.1352854076987
869,-0.3868869849476342,0.08418567980345205,0.030177271924361877,485.0,347.39985110309175
870,-0.39402062063560894,0.0923353206631011,0.033278781034118354,478.0,316.7096579777868
871,-0.3925522580866114,0.10161688576238376,0.03348217340794507,454.0,288.1888740175463
872,-0.3556098359155615,0.08510021118145882,0.03588995376475413,478.0,320.62957111918104
873,-0.4500436853126888,0.08733033917773755,0.029593497948047852,493.0,333.0623166233421
874,-0.3857954921865665,0.09318763616871317,0.0344863533147972,470.0,323.0927650066425
875,-0.36618154051868723,0.0861397645441567,0.02935793321192596,477.0,323.3761297957378
876,-0.416767028626738,0.08823451300088299,0.030400467615010886,482.0,321.31437442072956
877,-0.30903106909458566,0.09321927606351879,0.036302081056428404,451.0,280.18890319455096
878,-0.3851863717257267,0.08294954999074956,0.030618056922404904,489.0,365.74542904973276
879,-0.46161595704746494,0.08781998537263065,0.03731963068335449,477.0,312.76457560380834
880,-0.3795849316193416,0.10133834840812972,0.03586332510881372,464.0,302.04321353585294
881,-0.41866760412826753,0.08726615842998985,0.028105871713981635,490.0,346.41584455968876
882,-0.4120350594868367,0.08602774142831207,0.030217899873100133,482.0,325.1485611119678
883,-0.4303918573636949,0.08048059717421115,0.03193412662148545,487.0,349.6864206618143
884,-0.4680659555616562,0.09389171592458737,0.0379679206673708,458.0,302.2538918892911
885,-0.3935501089570974,0.0857226379183015,0.02841083981691909,486.0,332.38575718225457
886,-0.46401987801445,0.08552300940427303,0.026957015206557466,491.0,341.8679672180257
887,-0.3830885170949103,0.08959090522410351,0.027822450214830725,482.0,348.3254153494427
888,-0.401105318733491,0.08817339499137482,0.03250498410060265,484.0,323.5113604775729
889,-0.36650318380153735,0.08511596695814864,0.03180555381121941,482.0,339.84920009288373
890,-0.42295619929820916,0.09492519663931644,0.02580509807609771,480.0,320.87707202106776
891,-0.38583319624603485,0.08731177918437139,0.026912486112276323,489.0,336.0901221771049
892,-0.4940942428153665,0.09010453127300426,0.03138554085227126,480.0,320.71664533512933
893,-0.395785505168714,0.09414638138346734,0.030566125871134386,476.0,307.1455553730991
894,-0.3786866163668159,0.08914166676647299,0.030540228160898932,481.0,333.7092411802911
895,-0.3690333450882619,0.088892915085143,0.03093335623673495,478.0,323.33163224519365
896,-0.4466648970634779,0.0867277550362493,0.029743102281238172,487.0,359.05213840752316
897,-0.4404124782625769,0.09178668745196097,0.03181997659821902,471.0,314.0214109480563
898,-0.41168731404852377,0.0949949691844048,0.0331469537822539,469.0,312.6166984121361
899,-0.37823493868208624,0.09181289445704538,0.03572451994745686,473.0,312.76341330861817
900,-0.3787505346651243,0.07797093054882709,0.03268828134514059,481.0,346.76830920760403
901,-0.3996313289621707,0.09026368623273465,0.03374181632109668,473.0,308.55123900317835
902,-0.4135685485986844,0.09403118442841533,0.03323307767972851,467.0,315.47667545104105
903,-0.41767951816911886,0.08941102687157224,0.036792140224786066,467.0,302.8914373558336
904,-0.43323439813830555,0.09020144907055967,0.03351866568148918,479.0,321.23908190227957
905,-0.3823265962694067,0.07714971894117814,0.033854073440019034,486.0,333.50568235300915
906,-0.46667784127858036,0.08937182889301684,0.027568843953634823,487.0,345.89580145460786
907,-0.4230871698513967,0.0868244406650114,0.031216632363656786,479.0,318.995343418149
908,-0.32242761774809026,0.08603709641432539,0.0291374979444976,492.0,332.10969266633725
909,-0.3533915025960148,0.08162869830885877,0.02830932841781764,494.0,345.614222105997
910,-0.41270025607862193,0.09464710475120071,0.03259064200004455,478.0,325.7655480149219
911,-0.4026938237467812,0.09457619971737498,0.035492800294950125,473.0,298.2450413042104
912,-0.31456265538082473,0.08494004087804433,0.030289089462751932,493.0,339.1887613005408
913,-0.3479698882268347,0.08877575697437204,0.031540770448156175,480.0,329.52850022583493
914,-0.43706529912350245,0.08142364325649525,0.030472422380892816,484.0,332.3803745638784
915,-0.37972052819428326,0.09087724615768109,0.02987325566510833,478.0,310.1711867956002
916,-0.39661335662119823,0.08813921702681375,0.02964976831593799,489.0,324.52789879620445
917,-0.4059525466809393,0.09079676366126904,0.03140196247213004,481.0,319.493735356795
918,-0.32845531808403194,0.08197514443435745,0.03312665907006985,482.0,341.17081864398824
919,-0.37819041717512114,0.09268265694860098,0.031262049390382025,478.0,315.5813484841555
920,-0.3953379177513665,0.09244347216004843,0.03237767943328151,472.0,326.4787536612114
921,-0.4100064208228331,0.0836165000183228,0.028045387837940867,491.0,361.9068984011194
922,-0.4430512451273403,0.08927412271519028,0.03256795089438578,482.0,331.9734193019954
923,-0.4354286227051669,0.0937309019305804,0.0308347068634467,476.0,297.34145992643596
924,-0.3781967219935978,0.0858372356617804,0.03211471461762479,481.0,305.229843892344
925,-0.39661448881713923,0.08326124327068991,0.029693851255227537,492.0,338.45199404698496
926,-0.3918888070219979,0.08769026408591886,0.029694905342210337,475.0,326.1424901635331
927,-0.4089639478050793,0.08545032426767633,0.032116103712465614,477.0,336.21095381761194
928,-0.38254551842484297,0.09720941702383652,0.031392497062572536,475.0,324.1749616959581
929,-0.36726086034300165,0.0818812391008293,0.03143413137206665,482.0,324.61099971624947
930,-0.46446979165197755,0.09105924278722613,0.03365829922816438,468.0,316.181300765384
931,-0.4018181780681034,0.09221995257999246,0.033010152878851215,467.0,300.0131112283832
932,-0.4832983448915127,0.09213932103034803,0.032520794570630944,463.0,316.6615993657275
933,-0.31978711489129097,0.08047577106794598,0.028405637967999997,485.0,366.11550715066426
934,-0.41292564387772845,0.08968354055294503,0.03214099850975978,488.0,319.0793405398058
935,-0.41574909437901564,0.08942177747239038,0.031040340191810088,480.0,321.0319173784583
936,-0.44430278976847015,0.09097059218613396,0.02977274694750386,481.0,316.44461382875363
937,-0.35612001688583117,0.0884617107676379,0.0323789290205222,478.0,341.79186440830307
938,-0.3908965612233253,0.08883917411507483,0.029612238431681193,472.0,336.83213532124523
939,-0.38960855777769554,0.09068192968606155,0.03273343718393705,470.0,330.1534120865025
940,-0.4080158942282113,0.08697163238555014,0.03461184665323081,477.0,336.483515207932
941,-0.3939999215717016,0.08290501261801146,0.03111015213469813,489.0,344.4865912416824
942,-0.3093299342201279,0.09896940052655667,0.031038664472325943,465.0,305.5150660024521
943,-0.4185926876998831,0.08741601146775299,0.03432478393266925,471.0,325.58414061796225
944,-0.3915876109201224,0.09888271531609245,0.03428371583432427,474.0,317.5986294534407
945,-0.35934917344869577,0.09487733034398552,0.034432214110968695,476.0,297.0618373497446
946,-0.4186782564145428,0.08963187289331559,0.03468905998119801,465.0,321.49653610605424
947,-0.362837304818445,0.08391617893615626,0.03511539478971707,467.0,318.96171803820096
948,-0.3449082698032102,0.09331000650618884,0.03124350722841567,479.0,332.43107758356587
949,-0.3896939399091681,0.08886645052319936,0.030818887822902645,491.0,336.40158159525595
950,-0.3854460813140088,0.08788518857691552,0.029600695321051813,485.0,349.78194232958487
951,-0.352196846283515,0.08368623234511685,0.028859703645569442,488.0,347.3774758655302
952,-0.4403536413561553,0.09708973765535997,0.03351276571405975,473.0,333.4176848100928
953,-0.44312418385759234,0.08979724295656068,0.028743165235034115,487.0,320.4131881643681
954,-0.40143313987499907,0.08886975504681865,0.032713658706829477,486.0,327.81618764733776
955,-0.38965576807627,0.08951057432402643,0.032223904736673435,478.0,307.6855842198824
956,-0.36822521611888215,0.08790691599472335,0.03198231187658183,488.0,336.2211541333868
957,-0.3898333866143897,0.08934727337323096,0.03208013031051958,473.0,334.5431819179206
958,-0.3666143170467109,0.08998085208751505,0.03088094005041052,481.0,322.8416244512159
959,-0.40066358534725177,0.08823101824146086,0.028551114107021734,488.0,339.56969077086904
960,-0.3855762890352943,0.0849681730566803,0.030484855300257088,485.0,328.69844886417246
961,-0.3414011563506443,0.08646945231182693,0.03206877965402836,481.0,334.4731100324148
962,-0.387911399677892,0.08592442978697423,0.03269054653371581,475.0,325.38311054967596
963,-0.3794917552807733,0.09470055265953525,0.034031982960164076,455.0,289.57129690051465
964,-0.35110729322448897,0.08329217729014478,0.030934021111586312,485.0,364.76800523755765
965,-0.3487186094199335,0.0802283587643837,0.0316641079896283,484.0,351.0710499066307
966,-0.3419814026450303,0.08867653559009629,0.03562732423273853,477.0,324.61630056269985
967,-0.44981171936620346,0.08622425330390004,0.03654240427929978,461.0,310.64222024134375
968,-0.4078571664591779,0.09057848196563524,0.032260607141084585,487.0,339.28873039724476
969,-0.4176948318476894,0.08723726160985455,0.03174415610664682,474.0,329.27640178371496
970,-0.42385636422919193,0.0897104158410341,0.035799467695570124,475.0,308.0315445931276
971,-0.43723384134090715,0.08842783278168263,0.028706403350131762,476.0,344.01023679379125
972,-0.4072077350536998,0.08899251169521837,0.034812693264846414,465.0,304.27592661402434
973,-0.4856087278185983,0.09180293329344312,0.028319574467866343,476.0,313.5036800661369
974,-0.35588807247637666,0.09254978917788981,0.029843857257067927,467.0,305.337505816391
975,-0.3809469075288212,0.08882495254602611,0.030492182682856934,486.0,328.78024313933963
976,-0.312568648754906,0.09052743136249926,0.035686445480605684,474.0,313.9492160381274
977,-0.33389763012597085,0.08638905566887564,0.030244903428195764,482.0,339.61655364368823
978,-0.36067199147070017,0.0857113485707285,0.03420622234130217,483.0,340.3979237054689
979,-0.4411208981616008,0.0887347752753754,0.03353705744317474,473.0,321.84151651616037
980,-0.4249629432082034,0.08557313966464694,0.03178241573346281,486.0,367.8912554286911
981,-0.36742775324903043,0.08693044524992764,0.028704699707822284,489.0,328.45397817322555
982,-0.35741451221905995,0.08385246086602048,0.030163689110249494,478.0,336.8605432640555
983,-0.43148363226652364,0.08701049104673655,0.0350208416774719,477.0,324.6627256519922
984,-0.2935876521763814,0.09188268425748773,0.031154272723291104,474.0,326.86052050843267
985,-0.40401707455327296,0.09433359613691504,0.033544853922518394,469.0,295.60629333976044
986,-0.433881294479725,0.09069428191820486,0.03039518271235691,487.0,313.21136697465715
987,-0.3835554337873188,0.08925220395685408,0.02721618432862389,484.0,334.85831269734865
988,-0.41660434032836946,0.08913709410931951,0.03356493688462984,477.0,326.42107499339954
989,-0.3998840574363647,0.09470202821729876,0.027886259719510573,491.0,358.6349444444623
990,-0.42124578792069567,0.08669396589041639,0.03193368037664869,481.0,341.60313452195567
991,-0.4423080703311406,0.09586428527102106,0.031300042149183756,468.0,310.9227614636326
992,-0.37777232183367504,0.10129923267035097,0.037964278996414996,467.0,294.03430908958546
993,-0.3227257895633473,0.09248914193157168,0.03304299401833002,473.0,318.5262178466136
994,-0.43028482399858525,0.09045103265731785,0.03260332628932064,477.0,327.1851123075896
995,-0.37769281557898005,0.08565289215756001,0.030169177138826248,492.0,337.29784715868175
996,-0.3705279208234544,0.08920333040847357,0.030357281163173166,485.0,317.652341297343
997,-0.43120114902575635,0.08740280937338823,0.029920778498155692,481.0,307.75287235858684
998,-0.38839790343910474,0.09329148266553834,0.036397877129338806,457.0,308.52159645416
999,-0.39040661342100336,0.09121780480276111,0.035747803442334865,467.0,314.0554440253398
1000,-0.38113820909818896,0.09305627664730606,0.03278682079647876,478.0,331.3595030859227
